{"ENV_Train_TotalLoss": 564.4313663473635, "ENV_Train_TotalLoss_epoch0": 564.4313663473635, "ENV_Train_Right action": 0.7313610879160205, "ENV_Train_Right action_epoch0": 0.7313610879160205, "ENV_Train_Probability to choose the right action": 0.6389121589582517, "ENV_Train_Probability to choose the right action_epoch0": 0.6389121589582517, "ENV_Train_Weighted right action": 0.7313610879160205, "ENV_Train_Weighted right action_epoch0": 0.7313610879160205, "ENV_Train_Weighted probability to choose the right action:": 0.6389121589582517, "ENV_Train_Weighted probability to choose the right action:_epoch0": 0.6389121589582517, "_timestamp": 1715583519.0467432, "_runtime": 43.57198619842529, "_step": 1, "ENV_Test_TotalLoss": 149.836526717999, "ENV_Test_TotalLoss_epoch0": 149.836526717999, "ENV_Test_Right action": 0.739010989010989, "ENV_Test_Right action_epoch0": 0.739010989010989, "ENV_Test_Probability to choose the right action": 0.6669707548123743, "ENV_Test_Probability to choose the right action_epoch0": 0.6669707548123743, "ENV_Test_Weighted right action": 0.739010989010989, "ENV_Test_Weighted right action_epoch0": 0.739010989010989, "ENV_Test_Weighted probability to choose the right action:": 0.6669707548123743, "ENV_Test_Weighted probability to choose the right action:_epoch0": 0.6669707548123743, "ENV_Test_proba_accuracy": 0.6669707548123738, "ENV_Test_proba_accuracy_epoch0": 0.6669707548123738, "ENV_Test_proba_accuracy_strategy_59": 0.6861655931179631, "ENV_Test_proba_accuracy_strategy_59_epoch0": 0.6861655931179631, "ENV_Test_proba_accuracy_strategy_19": 0.6540336103437625, "ENV_Test_proba_accuracy_strategy_19_epoch0": 0.6540336103437625, "ENV_Test_proba_accuracy_per_mean_strategy": 0.6700996017308627, "ENV_Test_proba_accuracy_per_mean_strategy_epoch0": 0.6700996017308627, "ENV_Test_proba_accuracy_per_mean_user": 0.6792674131746136, "ENV_Test_proba_accuracy_per_mean_user_epoch0": 0.6792674131746136, "ENV_Test_proba_accuracy_per_mean_user_and_bot": 0.6874923805522837, "ENV_Test_proba_accuracy_per_mean_user_and_bot_epoch0": 0.6874923805522837, "ENV_Test_accuracy": 0.739010989010989, "ENV_Test_accuracy_epoch0": 0.739010989010989, "ENV_Test_accuracy_strategy_59": 0.765352539802881, "ENV_Test_accuracy_strategy_59_epoch0": 0.765352539802881, "ENV_Test_accuracy_strategy_19": 0.7212570260602964, "ENV_Test_accuracy_strategy_19_epoch0": 0.7212570260602964, "ENV_Test_accuracy_per_mean_strategy": 0.7433047829315886, "ENV_Test_accuracy_per_mean_strategy_epoch0": 0.7433047829315886, "ENV_Test_accuracy_per_mean_user": 0.7514987355664099, "ENV_Test_accuracy_per_mean_user_epoch0": 0.7514987355664099, "ENV_Test_accuracy_per_mean_user_and_bot": 0.7602992017993977, "ENV_Test_accuracy_per_mean_user_and_bot_epoch0": 0.7602992017993977}