{"ENV_Train_TotalLoss": 1026.3176942979705, "ENV_Train_TotalLoss_epoch0": 1168.8564158481092, "ENV_Train_Right action": 0.7869542125566054, "ENV_Train_Right action_epoch0": 0.7441961228283506, "ENV_Train_Probability to choose the right action": 0.7059358140029033, "ENV_Train_Probability to choose the right action_epoch0": 0.6561170737182822, "ENV_Train_Weighted right action": 0.7869542125566054, "ENV_Train_Weighted right action_epoch0": 0.7441961228283506, "ENV_Train_Weighted probability to choose the right action:": 0.7059358140029033, "ENV_Train_Weighted probability to choose the right action:_epoch0": 0.6561170737182822, "_timestamp": 1713522350.4210827, "_runtime": 351.62753772735596, "_step": 9, "ENV_Test_TotalLoss": 229.6278087570164, "ENV_Test_TotalLoss_epoch0": 244.45094862149156, "ENV_Test_Right action": 0.779392, "ENV_Test_Right action_epoch0": 0.770752, "ENV_Test_Probability to choose the right action": 0.7226256193803513, "ENV_Test_Probability to choose the right action_epoch0": 0.7071391539468188, "ENV_Test_Weighted right action": 0.8303000565297461, "ENV_Test_Weighted right action_epoch0": 0.8142517296507817, "ENV_Test_Weighted probability to choose the right action:": 0.766358572047031, "ENV_Test_Weighted probability to choose the right action:_epoch0": 0.7500294009475745, "ENV_Test_proba_accuracy": 0.72262561938035, "ENV_Test_proba_accuracy_epoch0": 0.707139153946819, "ENV_Test_proba_accuracy_strategy_132": 0.7681749542327936, "ENV_Test_proba_accuracy_strategy_132_epoch0": 0.748389239922831, "ENV_Test_proba_accuracy_strategy_23": 0.723502824065802, "ENV_Test_proba_accuracy_strategy_23_epoch0": 0.7043965094028855, "ENV_Test_proba_accuracy_strategy_107": 0.8165586877626128, "ENV_Test_proba_accuracy_strategy_107_epoch0": 0.8036021522687629, "ENV_Test_proba_accuracy_strategy_43": 0.734302865929695, "ENV_Test_proba_accuracy_strategy_43_epoch0": 0.7211091675640254, "ENV_Test_proba_accuracy_strategy_17": 0.6856327729334734, "ENV_Test_proba_accuracy_strategy_17_epoch0": 0.6740740354084349, "ENV_Test_proba_accuracy_strategy_93": 0.7241773764086661, "ENV_Test_proba_accuracy_strategy_93_epoch0": 0.7156530545638509, "ENV_Test_proba_accuracy_per_mean_strategy": 0.7420582468888405, "ENV_Test_proba_accuracy_per_mean_strategy_epoch0": 0.7278706931884651, "ENV_Test_proba_accuracy_per_mean_user": 0.7327164747733572, "ENV_Test_proba_accuracy_per_mean_user_epoch0": 0.7179152182996035, "ENV_Test_proba_accuracy_per_mean_user_and_bot": 0.7663585720470314, "ENV_Test_proba_accuracy_per_mean_user_and_bot_epoch0": 0.7500294009475743, "ENV_Test_accuracy": 0.779392, "ENV_Test_accuracy_epoch0": 0.770752, "ENV_Test_accuracy_strategy_132": 0.8254957507082153, "ENV_Test_accuracy_strategy_132_epoch0": 0.8039660056657224, "ENV_Test_accuracy_strategy_23": 0.7817094845693974, "ENV_Test_accuracy_strategy_23_epoch0": 0.7762158668605591, "ENV_Test_accuracy_strategy_107": 0.8801313628899836, "ENV_Test_accuracy_strategy_107_epoch0": 0.8686371100164204, "ENV_Test_accuracy_strategy_43": 0.7938931297709924, "ENV_Test_accuracy_strategy_43_epoch0": 0.7805343511450382, "ENV_Test_accuracy_strategy_17": 0.7377495462794919, "ENV_Test_accuracy_strategy_17_epoch0": 0.7304900181488203, "ENV_Test_accuracy_strategy_93": 0.7828096118299446, "ENV_Test_accuracy_strategy_93_epoch0": 0.7800369685767098, "ENV_Test_accuracy_per_mean_strategy": 0.8002981476746709, "ENV_Test_accuracy_per_mean_strategy_epoch0": 0.7899800534022118, "ENV_Test_accuracy_per_mean_user": 0.791285594215014, "ENV_Test_accuracy_per_mean_user_epoch0": 0.7802446431743206, "ENV_Test_accuracy_per_mean_user_and_bot": 0.8303000565297477, "ENV_Test_accuracy_per_mean_user_and_bot_epoch0": 0.8142517296507825, "ENV_Train_TotalLoss_epoch1": 1071.8323384074952, "ENV_Train_Right action_epoch1": 0.7749468917710197, "ENV_Train_Probability to choose the right action_epoch1": 0.6921122137395339, "ENV_Train_Weighted right action_epoch1": 0.7749468917710197, "ENV_Train_Weighted probability to choose the right action:_epoch1": 0.6921122137395339, "ENV_Test_TotalLoss_epoch1": 235.38446246426807, "ENV_Test_Right action_epoch1": 0.7776, "ENV_Test_Probability to choose the right action_epoch1": 0.7182237613925674, "ENV_Test_Weighted right action_epoch1": 0.8248423618051831, "ENV_Test_Weighted probability to choose the right action:_epoch1": 0.7632559411027465, "ENV_Test_proba_accuracy_epoch1": 0.718223761392567, "ENV_Test_proba_accuracy_strategy_132_epoch1": 0.7630231130055445, "ENV_Test_proba_accuracy_strategy_23_epoch1": 0.7164294068636496, "ENV_Test_proba_accuracy_strategy_107_epoch1": 0.8162603939447952, "ENV_Test_proba_accuracy_strategy_43_epoch1": 0.7304886102687393, "ENV_Test_proba_accuracy_strategy_17_epoch1": 0.6838772227625234, "ENV_Test_proba_accuracy_strategy_93_epoch1": 0.7223358641708917, "ENV_Test_proba_accuracy_per_mean_strategy_epoch1": 0.7387357685026906, "ENV_Test_proba_accuracy_per_mean_user_epoch1": 0.7288574329241265, "ENV_Test_proba_accuracy_per_mean_user_and_bot_epoch1": 0.7632559411027463, "ENV_Test_accuracy_epoch1": 0.7776, "ENV_Test_accuracy_strategy_132_epoch1": 0.8118980169971671, "ENV_Test_accuracy_strategy_23_epoch1": 0.7820326385522701, "ENV_Test_accuracy_strategy_107_epoch1": 0.8719211822660099, "ENV_Test_accuracy_strategy_43_epoch1": 0.7786259541984732, "ENV_Test_accuracy_strategy_17_epoch1": 0.7409255898366606, "ENV_Test_accuracy_strategy_93_epoch1": 0.7911275415896488, "ENV_Test_accuracy_per_mean_strategy_epoch1": 0.7960884872400383, "ENV_Test_accuracy_per_mean_user_epoch1": 0.7886335291672446, "ENV_Test_accuracy_per_mean_user_and_bot_epoch1": 0.8248423618051834, "ENV_Train_TotalLoss_epoch2": 1054.0904874393955, "ENV_Train_Right action_epoch2": 0.7792703382722952, "ENV_Train_Probability to choose the right action_epoch2": 0.6976092167123012, "ENV_Train_Weighted right action_epoch2": 0.7792703382722952, "ENV_Train_Weighted probability to choose the right action:_epoch2": 0.6976092167123012, "ENV_Test_TotalLoss_epoch2": 231.3344558411762, "ENV_Test_Right action_epoch2": 0.781504, "ENV_Test_Probability to choose the right action_epoch2": 0.7153417588315119, "ENV_Test_Weighted right action_epoch2": 0.826793795478909, "ENV_Test_Weighted probability to choose the right action:_epoch2": 0.7558395866044976, "ENV_Test_proba_accuracy_epoch2": 0.715341758831512, "ENV_Test_proba_accuracy_strategy_132_epoch2": 0.7560020692805299, "ENV_Test_proba_accuracy_strategy_23_epoch2": 0.7169580535856449, "ENV_Test_proba_accuracy_strategy_107_epoch2": 0.8071539457881126, "ENV_Test_proba_accuracy_strategy_43_epoch2": 0.7210311142611602, "ENV_Test_proba_accuracy_strategy_17_epoch2": 0.6814297105699337, "ENV_Test_proba_accuracy_strategy_93_epoch2": 0.7179834630544462, "ENV_Test_proba_accuracy_per_mean_strategy_epoch2": 0.7334263927566379, "ENV_Test_proba_accuracy_per_mean_user_epoch2": 0.7244523622098742, "ENV_Test_proba_accuracy_per_mean_user_and_bot_epoch2": 0.7558395866044986, "ENV_Test_accuracy_epoch2": 0.781504, "ENV_Test_accuracy_strategy_132_epoch2": 0.8152974504249292, "ENV_Test_accuracy_strategy_23_epoch2": 0.787364679269672, "ENV_Test_accuracy_strategy_107_epoch2": 0.8801313628899836, "ENV_Test_accuracy_strategy_43_epoch2": 0.7843511450381679, "ENV_Test_accuracy_strategy_17_epoch2": 0.742059891107078, "ENV_Test_accuracy_strategy_93_epoch2": 0.7939001848428835, "ENV_Test_accuracy_per_mean_strategy_epoch2": 0.8005174522621191, "ENV_Test_accuracy_per_mean_user_epoch2": 0.7913293009199295, "ENV_Test_accuracy_per_mean_user_and_bot_epoch2": 0.8267937954789099, "ENV_Train_TotalLoss_epoch3": 1039.1828681722684, "ENV_Train_Right action_epoch3": 0.7824713447022644, "ENV_Train_Probability to choose the right action_epoch3": 0.7022698961457674, "ENV_Train_Weighted right action_epoch3": 0.7824713447022644, "ENV_Train_Weighted probability to choose the right action:_epoch3": 0.7022698961457674, "ENV_Test_TotalLoss_epoch3": 232.3877324216833, "ENV_Test_Right action_epoch3": 0.779392,