{"ENV_Online Simulation_TotalLoss": 2184.447834174139, "ENV_Online Simulation_TotalLoss_epoch0": 2312.690317056834, "ENV_Online Simulation_Right action": 0.8017562862669245, "ENV_Online Simulation_Right action_epoch0": 0.7853178432205026, "ENV_Online Simulation_Probability to choose the right action": 0.7084037763238703, "ENV_Online Simulation_Probability to choose the right action_epoch0": 0.693161880935109, "ENV_Online Simulation_Weighted right action": 0.7910691488352456, "ENV_Online Simulation_Weighted right action_epoch0": 0.7782239006158663, "ENV_Online Simulation_Weighted probability to choose the right action:": 0.7084313166143501, "ENV_Online Simulation_Weighted probability to choose the right action:_epoch0": 0.693147820674196, "_timestamp": 1715508361.2349908, "_runtime": 1411.220060825348, "_step": 5, "ENV_Train_TotalLoss": 1077.927055480533, "ENV_Train_TotalLoss_epoch0": 1125.2685198071333, "ENV_Train_Right action": 0.77594352809617, "ENV_Train_Right action_epoch0": 0.7581979816052109, "ENV_Train_Probability to choose the right action": 0.6911179217303413, "ENV_Train_Probability to choose the right action_epoch0": 0.6739311000052567, "ENV_Train_Weighted right action": 0.77594352809617, "ENV_Train_Weighted right action_epoch0": 0.7581979816052109, "ENV_Train_Weighted probability to choose the right action:": 0.6911179217303413, "ENV_Train_Weighted probability to choose the right action:_epoch0": 0.6739311000052567, "ENV_Test_TotalLoss": 233.07156666676786, "ENV_Test_TotalLoss_epoch0": 239.34432174903418, "ENV_Test_Right action": 0.77472, "ENV_Test_Right action_epoch0": 0.774656, "ENV_Test_Probability to choose the right action": 0.7093819804302104, "ENV_Test_Probability to choose the right action_epoch0": 0.7125537814704523, "ENV_Test_Weighted right action": 0.8265241932565217, "ENV_Test_Weighted right action_epoch0": 0.8183863593633098, "ENV_Test_Weighted probability to choose the right action:": 0.7582073230634059, "ENV_Test_Weighted probability to choose the right action:_epoch0": 0.7564942777252431, "ENV_Test_proba_accuracy": 0.7093819804302113, "ENV_Test_proba_accuracy_epoch0": 0.7125537814704521, "ENV_Test_proba_accuracy_strategy_132": 0.7602404823713352, "ENV_Test_proba_accuracy_strategy_132_epoch0": 0.7575322084091907, "ENV_Test_proba_accuracy_strategy_23": 0.7067058968240051, "ENV_Test_proba_accuracy_strategy_23_epoch0": 0.7092311706891978, "ENV_Test_proba_accuracy_strategy_107": 0.8103873304813809, "ENV_Test_proba_accuracy_strategy_107_epoch0": 0.8137153446441261, "ENV_Test_proba_accuracy_strategy_43": 0.7212206339423483, "ENV_Test_proba_accuracy_strategy_43_epoch0": 0.725272645148421, "ENV_Test_proba_accuracy_strategy_17": 0.6739311056255525, "ENV_Test_proba_accuracy_strategy_17_epoch0": 0.6790236582828273, "ENV_Test_proba_accuracy_strategy_93": 0.7121008899952942, "ENV_Test_proba_accuracy_strategy_93_epoch0": 0.7193708349961683, "ENV_Test_proba_accuracy_per_mean_strategy": 0.7307643898733193, "ENV_Test_proba_accuracy_per_mean_strategy_epoch0": 0.7340243103616553, "ENV_Test_proba_accuracy_per_mean_user": 0.7218214477879793, "ENV_Test_proba_accuracy_per_mean_user_epoch0": 0.7230054851422902, "ENV_Test_proba_accuracy_per_mean_user_and_bot": 0.7582073230634061, "ENV_Test_proba_accuracy_per_mean_user_and_bot_epoch0": 0.7564942777252429, "ENV_Test_accuracy": 0.77472, "ENV_Test_accuracy_epoch0": 0.774656, "ENV_Test_accuracy_strategy_132": 0.8135977337110482, "ENV_Test_accuracy_strategy_132_epoch0": 0.805099150141643, "ENV_Test_accuracy_strategy_23": 0.7810631766036517, "ENV_Test_accuracy_strategy_23_epoch0": 0.782355792535143, "ENV_Test_accuracy_strategy_107": 0.8719211822660099, "ENV_Test_accuracy_strategy_107_epoch0": 0.8735632183908046, "ENV_Test_accuracy_strategy_43": 0.7843511450381679, "ENV_Test_accuracy_strategy_43_epoch0": 0.7786259541984732, "ENV_Test_accuracy_strategy_17": 0.7320780399274047, "ENV_Test_accuracy_strategy_17_epoch0": 0.7343466424682396, "ENV_Test_accuracy_strategy_93": 0.7800369685767098, "ENV_Test_accuracy_strategy_93_epoch0": 0.7837338262476895, "ENV_Test_accuracy_per_mean_strategy": 0.7938413743538321, "ENV_Test_accuracy_per_mean_strategy_epoch0": 0.7929540973303323, "ENV_Test_accuracy_per_mean_user": 0.7876661301782127, "ENV_Test_accuracy_per_mean_user_epoch0": 0.7841273041028134, "ENV_Test_accuracy_per_mean_user_and_bot": 0.8265241932565232, "ENV_Test_accuracy_per_mean_user_and_bot_epoch0": 0.8183863593633097, "ENV_Online Simulation_TotalLoss_epoch1": 2184.447834174139, "ENV_Online Simulation_Right action_epoch1": 0.8017562862669245, "ENV_Online Simulation_Probability to choose the right action_epoch1": 0.7084037763238703, "ENV_Online Simulation_Weighted right action_epoch1": 0.7910691488352456, "ENV_Online Simulation_Weighted probability to choose the right action:_epoch1": 0.7084313166143501, "ENV_Train_TotalLoss_epoch1": 1077.927055480533, "ENV_Train_Right action_epoch1": 0.77594352809617, "ENV_Train_Probability to choose the right action_epoch1": 0.6911179217303413, "ENV_Train_Weighted right action_epoch1": 0.77594352809617, "ENV_Train_Weighted probability to choose the right action:_epoch1": 0.6911179217303413, "ENV_Test_TotalLoss_epoch1": 233.07156666676786, "ENV_Test_Right action_epoch1": 0.77472, "ENV_Test_Probability to choose the right action_epoch1": 0.7093819804302104, "ENV_Test_Weighted right action_epoch1": 0.8265241932565217, "ENV_Test_Weighted probability to choose the right action:_epoch1": 0.7582073230634059, "ENV_Test_proba_accuracy_epoch1": 0.7093819804302113, "ENV_Test_proba_accuracy_strategy_132_epoch1": 0.7602404823713352, "ENV_Test_proba_accuracy_strategy_23_epoch1": 0.7067058968240051, "ENV_Test_proba_accuracy_strategy_107_epoch1": 0.8103873304813809, "ENV_Test_proba_accuracy_strategy_43_epoch1": 0.7212206339423483, "ENV_Test_proba_accuracy_strategy_17_epoch1": 0.6739311056255525, "ENV_Test_proba_accuracy_strategy_93_epoch1": 0.7121008899952942, "ENV_Test_proba_accuracy_per_mean_strategy_epoch1": 0.7307643898733193, "ENV_Test_proba_accuracy_per_mean_user_epoch1": 0.7218214477879793, "ENV_Test_proba_accuracy_per_mean_user_and_bot_epoch1": 0.7582073230634061, "ENV_Test_accuracy_epoch1": 0.77472, "ENV_Test_accuracy_strategy_132_epoch1": 0.8135977337110482, "ENV_Test_accuracy_strategy_23_epoch1": 0.7810631766036517, "ENV_Test_accuracy_strategy_107_epoch1": 0.8719211822660099, "ENV_Test_accuracy_strategy_43_epoch1": 0.7843511450381679, "ENV_Test_accuracy_strategy_17_epoch1": 0.7320780399274047, "ENV_Test_accuracy_strategy_93_epoch1": 0.7800369685767098, "ENV_Test_accuracy_per_mean_strategy_epoch1": 0.7938413743538321, "ENV_Test_accuracy_per_mean_user_epoch1": 0.7876661301782127, "ENV_Test_accuracy_per_mean_user_and_bot_epoch1": 0.8265241932565232}