{"ENV_Online Simulation_TotalLoss": 4092.843116766642, "ENV_Online Simulation_TotalLoss_epoch0": 4092.1032703452465, "ENV_Online Simulation_Right action": 0.7227909959989005, "ENV_Online Simulation_Right action_epoch0": 0.7042466916040613, "ENV_Online Simulation_Probability to choose the right action": 0.6166633759229395, "ENV_Online Simulation_Probability to choose the right action_epoch0": 0.6020051086702936, "ENV_Online Simulation_Weighted right action": 0.7122418161914966, "ENV_Online Simulation_Weighted right action_epoch0": 0.6958355571418808, "ENV_Online Simulation_Weighted probability to choose the right action:": 0.6166822357521838, "ENV_Online Simulation_Weighted probability to choose the right action:_epoch0": 0.6020439588389119, "_timestamp": 1718436290.4905531, "_runtime": 2048.1764302253723, "_step": 8, "ENV_Train_TotalLoss": 1062.3876106762643, "ENV_Train_TotalLoss_epoch0": 1120.947370152025, "ENV_Train_Right action": 0.7782530297312031, "ENV_Train_Right action_epoch0": 0.7624011402062432, "ENV_Train_Probability to choose the right action": 0.6951186832711275, "ENV_Train_Probability to choose the right action_epoch0": 0.6749899074249412, "ENV_Train_Weighted right action": 0.7782530297312031, "ENV_Train_Weighted right action_epoch0": 0.7624011402062432, "ENV_Train_Weighted probability to choose the right action:": 0.6951186832711275, "ENV_Train_Weighted probability to choose the right action:_epoch0": 0.6749899074249412, "ENV_Test_TotalLoss": 230.6750209974984, "ENV_Test_TotalLoss_epoch0": 236.45639637164916, "ENV_Test_Right action": 0.781184, "ENV_Test_Right action_epoch0": 0.771712, "ENV_Test_Probability to choose the right action": 0.7100696698739691, "ENV_Test_Probability to choose the right action_epoch0": 0.7068321928056618, "ENV_Test_Weighted right action": 0.8290705853983218, "ENV_Test_Weighted right action_epoch0": 0.821404539529109, "ENV_Test_Weighted probability to choose the right action:": 0.7526041393532686, "ENV_Test_Weighted probability to choose the right action:_epoch0": 0.7507996641576367, "ENV_Test_proba_accuracy": 0.7100696698739689, "ENV_Test_proba_accuracy_epoch0": 0.7068321928056619, "ENV_Test_proba_accuracy_strategy_132": 0.7540134184501003, "ENV_Test_proba_accuracy_strategy_132_epoch0": 0.7516220383939928, "ENV_Test_proba_accuracy_strategy_23": 0.7088522061099518, "ENV_Test_proba_accuracy_strategy_23_epoch0": 0.7043815914579986, "ENV_Test_proba_accuracy_strategy_107": 0.805795562994712, "ENV_Test_proba_accuracy_strategy_107_epoch0": 0.8011247450421074, "ENV_Test_proba_accuracy_strategy_43": 0.7198563655597849, "ENV_Test_proba_accuracy_strategy_43_epoch0": 0.7161664142829314, "ENV_Test_proba_accuracy_strategy_17": 0.6772307776392157, "ENV_Test_proba_accuracy_strategy_17_epoch0": 0.6758257665856207, "ENV_Test_proba_accuracy_strategy_93": 0.7110366286917004, "ENV_Test_proba_accuracy_strategy_93_epoch0": 0.7074712506438905, "ENV_Test_proba_accuracy_per_mean_strategy": 0.7294641599075775, "ENV_Test_proba_accuracy_per_mean_strategy_epoch0": 0.7260986344010902, "ENV_Test_proba_accuracy_per_mean_user": 0.7198793295877094, "ENV_Test_proba_accuracy_per_mean_user_epoch0": 0.7176447023296487, "ENV_Test_proba_accuracy_per_mean_user_and_bot": 0.7526041393532696, "ENV_Test_proba_accuracy_per_mean_user_and_bot_epoch0": 0.7507996641576364, "ENV_Test_accuracy": 0.781184, "ENV_Test_accuracy_epoch0": 0.771712, "ENV_Test_accuracy_strategy_132": 0.8158640226628895, "ENV_Test_accuracy_strategy_132_epoch0": 0.8130311614730878, "ENV_Test_accuracy_strategy_23": 0.7833252544837616, "ENV_Test_accuracy_strategy_23_epoch0": 0.7755695588948134, "ENV_Test_accuracy_strategy_107": 0.8735632183908046, "ENV_Test_accuracy_strategy_107_epoch0": 0.8702791461412152, "ENV_Test_accuracy_strategy_43": 0.7938931297709924, "ENV_Test_accuracy_strategy_43_epoch0": 0.7830788804071247, "ENV_Test_accuracy_strategy_17": 0.7454627949183303, "ENV_Test_accuracy_strategy_17_epoch0": 0.7316243194192378, "ENV_Test_accuracy_strategy_93": 0.7874306839186691, "ENV_Test_accuracy_strategy_93_epoch0": 0.7735674676524954, "ENV_Test_accuracy_per_mean_strategy": 0.7999231840242413, "ENV_Test_accuracy_per_mean_strategy_epoch0": 0.7911917556646624, "ENV_Test_accuracy_per_mean_user": 0.7918112162967224, "ENV_Test_accuracy_per_mean_user_epoch0": 0.7830219217347445, "ENV_Test_accuracy_per_mean_user_and_bot": 0.8290705853983226, "ENV_Test_accuracy_per_mean_user_and_bot_epoch0": 0.8214045395291099, "ENV_Online Simulation_TotalLoss_epoch1": 4011.120770696714, "ENV_Online Simulation_Right action_epoch1": 0.7202416074034967, "ENV_Online Simulation_Probability to choose the right action_epoch1": 0.6140191859842874, "ENV_Online Simulation_Weighted right action_epoch1": 0.7097140708912747, "ENV_Online Simulation_Weighted probability to choose the right action:_epoch1": 0.6140440170134066, "ENV_Train_TotalLoss_epoch1": 1071.8433225466788, "ENV_Train_Right action_epoch1": 0.7754545835720974, "ENV_Train_Probability to choose the right action_epoch1": 0.6921163507959854, "ENV_Train_Weighted right action_epoch1": 0.7754545835720974, "ENV_Train_Weighted probability to choose the right action:_epoch1": 0.6921163507959854, "ENV_Test_TotalLoss_epoch1": 232.27096745167194, "ENV_Test_Right action_epoch1": 0.779904, "ENV_Test_Probability to choose the right action_epoch1": 0.7148343286060769, "ENV_Test_Weighted right action_epoch1": 0.8303115404079648, "ENV_Test_Weighted probability to choose the right action:_epoch1": 0.7600408392675547, "ENV_Test_proba_accuracy_epoch1": 0.7148343286060763, "ENV_Test_proba_accuracy_strategy_132_epoch1": 0.7611744196374952, "ENV_Test_proba_accuracy_strategy_23_epoch1": 0.7126460495663043, "ENV_Test_proba_accuracy_strategy_107_epoch1": 0.8137242828957708, "ENV_Test_proba_accuracy_strategy_43_epoch1": 0.7268406304817022, "ENV_Test_proba_accuracy_strategy_17_epoch1": 0.6812916225407801, "ENV_Test_proba_accuracy_strategy_93_epoch1": 0.7153069329791024, "ENV_Test_proba_accuracy_per_mean_strategy_epoch1": 0.7351639896835258, "ENV_Test_proba_accuracy_per_mean_user_epoch1": 0.7256479410271494, "ENV_Test_proba_accuracy_per_mean_user_and_bot_epoch1": 0.760040839267555, "ENV_Test_accuracy_epoch1": 0.779904, "ENV_Test_accuracy_strategy_132_epoch1": 0.8209631728045326, "ENV_Test_accuracy_strategy_23_epoch1": 0.781224753595088, "ENV_Test_accuracy_strategy_107_epoch1": 0.8752052545155994, "ENV_Test_accuracy_strategy_43_epoch1": 0.7926208651399491, "ENV_Test_accuracy_strategy_17_epoch1": 0.7438747731397459, "ENV_Test_accuracy_strategy_93_epoch1": 0.7800369685767098, "ENV_Test_accuracy_per_mean_strategy_epoch1": 0.7989876312952707, "ENV_Test_accuracy_per_mean_user_epoch1": 0.7906454914732586, "ENV_Test_accuracy_per_mean_user_and_bot_epoch1": 0.8303115404079661, "ENV_Online Simulation_TotalLoss_epoch2": 4092.843116766642, "ENV_Online Simulation_Right action_epoch2": 0.7227909959989005, "ENV_Online Simulation_Probability to choose the right action_epoch2": 0.6166633759229395, "ENV_Online Simulation_Weighted right action_epoch2": 0.7122418161914966, "ENV_Online Simulation_Weighted probability to choose the right action:_epoch2": 0.6166822357521838, "ENV_Train_TotalLoss_epoch2": 1062.3876106762643, "ENV_Train_Right action_epoch2": 0.7782530297312031, "ENV_Train_Probability to choose the right action_epoch2": 0.6951186832711275, "ENV_Train_Weighted right action_epoch2": 0.7782530297312031, "ENV_Train_Weighted probability to choose the right action:_epoch2": 0.6951186832711275, "ENV_Test_TotalLoss_epoch2": 230.6750209974984, "ENV_Test_Right action_epoch2": 0.781184, "ENV_Test_Probability to choose the right action_epoch2": 0.7100696698739691, "ENV_Test_Weighted right action_epoch2": 0.8290705853983218, "ENV_Test_Weighted probability to choose the right action:_epoch2": 0.7526041393532686, "ENV_Test_proba_accuracy_epoch2": 0.7100696698739689, "ENV_Test_proba_accuracy_strategy_132_epoch2": 0.7540134184501003, "ENV_Test_proba_accuracy_strategy_23_epoch2": 0.7088522061099518,