{"ENV_Online Simulation_TotalLoss": 3185.186177864612, "ENV_Online Simulation_TotalLoss_epoch0": 3849.049678204242, "ENV_Online Simulation_Right action": 0.7931103061296967, "ENV_Online Simulation_Right action_epoch0": 0.7251651088094121, "ENV_Online Simulation_Probability to choose the right action": 0.7152180180035799, "ENV_Online Simulation_Probability to choose the right action_epoch0": 0.6373019766498351, "ENV_Online Simulation_Weighted right action": 0.7940888211228976, "ENV_Online Simulation_Weighted right action_epoch0": 0.7258074757289088, "ENV_Online Simulation_Weighted probability to choose the right action:": 0.7152102818825756, "ENV_Online Simulation_Weighted probability to choose the right action:_epoch0": 0.6372953453404455, "_timestamp": 1714224425.4138935, "_runtime": 1548.6570274829865, "_step": 20, "ENV_Train_TotalLoss": 485.73746663642794, "ENV_Train_TotalLoss_epoch0": 525.7201845562192, "ENV_Train_Right action": 0.7862472094935965, "ENV_Train_Right action_epoch0": 0.76389705018216, "ENV_Train_Probability to choose the right action": 0.7071192287446394, "ENV_Train_Probability to choose the right action_epoch0": 0.6773763789190694, "ENV_Train_Weighted right action": 0.7862472094935965, "ENV_Train_Weighted right action_epoch0": 0.76389705018216, "ENV_Train_Weighted probability to choose the right action:": 0.7071192287446394, "ENV_Train_Weighted probability to choose the right action:_epoch0": 0.6773763789190694, "ENV_Test_TotalLoss": 72.38072051573918, "ENV_Test_TotalLoss_epoch0": 77.5884206521915, "ENV_Test_Right action": 0.7692656391659112, "ENV_Test_Right action_epoch0": 0.7558930190389845, "ENV_Test_Probability to choose the right action": 0.702467438229928, "ENV_Test_Probability to choose the right action_epoch0": 0.6907279562178933, "ENV_Test_Weighted right action": 0.7692656391659112, "ENV_Test_Weighted right action_epoch0": 0.7558930190389845, "ENV_Test_Weighted probability to choose the right action:": 0.702467438229928, "ENV_Test_Weighted probability to choose the right action:_epoch0": 0.6907279562178933, "ENV_Test_proba_accuracy": 0.7024674382299285, "ENV_Test_proba_accuracy_epoch0": 0.6907279562178932, "ENV_Test_proba_accuracy_strategy_59": 0.70944384350157, "ENV_Test_proba_accuracy_strategy_59_epoch0": 0.6999471227110453, "ENV_Test_proba_accuracy_strategy_19": 0.69783754634528, "ENV_Test_proba_accuracy_strategy_19_epoch0": 0.6846096556794513, "ENV_Test_proba_accuracy_per_mean_strategy": 0.7036406949234248, "ENV_Test_proba_accuracy_per_mean_strategy_epoch0": 0.6922783891952483, "ENV_Test_proba_accuracy_per_mean_user": 0.719631752251445, "ENV_Test_proba_accuracy_per_mean_user_epoch0": 0.7086999909988557, "ENV_Test_proba_accuracy_per_mean_user_and_bot": 0.7288049619042664, "ENV_Test_proba_accuracy_per_mean_user_and_bot_epoch0": 0.7148351369998436, "ENV_Test_accuracy": 0.7692656391659112, "ENV_Test_accuracy_epoch0": 0.7558930190389845, "ENV_Test_accuracy_strategy_59": 0.7818181818181819, "ENV_Test_accuracy_strategy_59_epoch0": 0.7664772727272727, "ENV_Test_accuracy_strategy_19": 0.7609351432880844, "ENV_Test_accuracy_strategy_19_epoch0": 0.748868778280543, "ENV_Test_accuracy_per_mean_strategy": 0.7713766625531331, "ENV_Test_accuracy_per_mean_strategy_epoch0": 0.7576730255039079, "ENV_Test_accuracy_per_mean_user": 0.7916745531487527, "ENV_Test_accuracy_per_mean_user_epoch0": 0.7721449807510422, "ENV_Test_accuracy_per_mean_user_and_bot": 0.8074506875723009, "ENV_Test_accuracy_per_mean_user_and_bot_epoch0": 0.7798412462268093, "ENV_Online Simulation_TotalLoss_epoch1": 3474.8458711724534, "ENV_Online Simulation_Right action_epoch1": 0.7569320345686246, "ENV_Online Simulation_Probability to choose the right action_epoch1": 0.6712485425889058, "ENV_Online Simulation_Weighted right action_epoch1": 0.7576942465094993, "ENV_Online Simulation_Weighted probability to choose the right action:_epoch1": 0.6712485722397442, "ENV_Train_TotalLoss_epoch1": 505.65533050815424, "ENV_Train_Right action_epoch1": 0.7746152038538362, "ENV_Train_Probability to choose the right action_epoch1": 0.6913876614550059, "ENV_Train_Weighted right action_epoch1": 0.7746152038538362, "ENV_Train_Weighted probability to choose the right action:_epoch1": 0.6913876614550059, "ENV_Test_TotalLoss_epoch1": 75.79971372280545, "ENV_Test_Right action_epoch1": 0.7624660018132366, "ENV_Test_Probability to choose the right action_epoch1": 0.7033492296209098, "ENV_Test_Weighted right action_epoch1": 0.7624660018132366, "ENV_Test_Weighted probability to choose the right action:_epoch1": 0.7033492296209098, "ENV_Test_proba_accuracy_epoch1": 0.70334922962091, "ENV_Test_proba_accuracy_strategy_59_epoch1": 0.7104634364245171, "ENV_Test_proba_accuracy_strategy_19_epoch1": 0.6986278857391797, "ENV_Test_proba_accuracy_per_mean_strategy_epoch1": 0.7045456610818484, "ENV_Test_proba_accuracy_per_mean_user_epoch1": 0.7204972303719003, "ENV_Test_proba_accuracy_per_mean_user_and_bot_epoch1": 0.7260674910479236, "ENV_Test_accuracy_epoch1": 0.7624660018132366, "ENV_Test_accuracy_strategy_59_epoch1": 0.7704545454545455, "ENV_Test_accuracy_strategy_19_epoch1": 0.7571644042232277, "ENV_Test_accuracy_per_mean_strategy_epoch1": 0.7638094748388866, "ENV_Test_accuracy_per_mean_user_epoch1": 0.7796798806894707, "ENV_Test_accuracy_per_mean_user_and_bot_epoch1": 0.7866598110930065, "ENV_Online Simulation_TotalLoss_epoch2": 3501.0738984620325, "ENV_Online Simulation_Right action_epoch2": 0.7697445972495088, "ENV_Online Simulation_Probability to choose the right action_epoch2": 0.6858571221751244, "ENV_Online Simulation_Weighted right action_epoch2": 0.7714525149730532, "ENV_Online Simulation_Weighted probability to choose the right action:_epoch2": 0.6858508224476756, "ENV_Train_TotalLoss_epoch2": 497.0688768460564, "ENV_Train_Right action_epoch2": 0.7806146433188389, "ENV_Train_Probability to choose the right action_epoch2": 0.6976775241574277, "ENV_Train_Weighted right action_epoch2": 0.7806146433188389, "ENV_Train_Weighted probability to choose the right action:_epoch2": 0.6976775241574277, "ENV_Test_TotalLoss_epoch2": 73.41303965920783, "ENV_Test_Right action_epoch2": 0.7717588395285585, "ENV_Test_Probability to choose the right action_epoch2": 0.7042481989122503, "ENV_Test_Weighted right action_epoch2": 0.7717588395285585, "ENV_Test_Weighted probability to choose the right action:_epoch2": 0.7042481989122503, "ENV_Test_proba_accuracy_epoch2": 0.7042481989122501, "ENV_Test_proba_accuracy_strategy_59_epoch2": 0.7119762493217817, "ENV_Test_proba_accuracy_strategy_19_epoch2": 0.6991194776751553, "ENV_Test_proba_accuracy_per_mean_strategy_epoch2": 0.7055478634984684, "ENV_Test_proba_accuracy_per_mean_user_epoch2": 0.7213098684589239, "ENV_Test_proba_accuracy_per_mean_user_and_bot_epoch2": 0.7288302609383296, "ENV_Test_accuracy_epoch2": 0.7717588395285585, "ENV_Test_accuracy_strategy_59_epoch2": 0.78125, "ENV_Test_accuracy_strategy_19_epoch2": 0.7654600301659125, "ENV_Test_accuracy_per_mean_strategy_epoch2": 0.7733550150829562, "ENV_Test_accuracy_per_mean_user_epoch2": 0.7909816495868158, "ENV_Test_accuracy_per_mean_user_and_bot_epoch2": 0.7988999179236793, "ENV_Online Simulation_TotalLoss_epoch3": 3359.2926963884074, "ENV_Online Simulation_Right action_epoch3": 0.7810210994284101, "ENV_Online Simulation_Probability to choose the right action_epoch3": 0.6988784004510921, "ENV_Online Simulation_Weighted right action_epoch3": 0.7820780723538991, "ENV_Online Simulation_Weighted probability to choose the right action:_epoch3": 0.698868527135463, "ENV_Train_TotalLoss_epoch3": 497.29928400881784, "ENV_Train_Right action_epoch3": 0.7813124192221831, "ENV_Train_Probability to choose the right action_epoch3": 0.6992606417651217, "ENV_Train_Weighted right action_epoch3": 0.7813124192221831, "ENV_Train_Weighted probability to choose the right action:_epoch3": 0.6992606417651217, "ENV_Test_TotalLoss_epoch3": 73.26401721919783, "ENV_Test_Right action_epoch3": 0.7631459655485041,