{"ENV_Online Simulation_TotalLoss": 4089.613664891684, "ENV_Online Simulation_TotalLoss_epoch0": 4211.001898247638, "ENV_Online Simulation_Right action": 0.7183044375327194, "ENV_Online Simulation_Right action_epoch0": 0.7083503302992481, "ENV_Online Simulation_Probability to choose the right action": 0.6121952980248083, "ENV_Online Simulation_Probability to choose the right action_epoch0": 0.6045519214162699, "ENV_Online Simulation_Weighted right action": 0.7066112409222698, "ENV_Online Simulation_Weighted right action_epoch0": 0.699206347047072, "ENV_Online Simulation_Weighted probability to choose the right action:": 0.61218342843897, "ENV_Online Simulation_Weighted probability to choose the right action:_epoch0": 0.6045987708819115, "_timestamp": 1715785082.578632, "_runtime": 1397.7798302173615, "_step": 5, "ENV_Train_TotalLoss": 1071.1015406046129, "ENV_Train_TotalLoss_epoch0": 1123.8741741929073, "ENV_Train_Right action": 0.7755367326400536, "ENV_Train_Right action_epoch0": 0.7612804025719877, "ENV_Train_Probability to choose the right action": 0.692452847886653, "ENV_Train_Probability to choose the right action_epoch0": 0.6743331681086278, "ENV_Train_Weighted right action": 0.7755367326400536, "ENV_Train_Weighted right action_epoch0": 0.7612804025719877, "ENV_Train_Weighted probability to choose the right action:": 0.692452847886653, "ENV_Train_Weighted probability to choose the right action:_epoch0": 0.6743331681086278, "ENV_Test_TotalLoss": 232.5081825912308, "ENV_Test_TotalLoss_epoch0": 238.12761937713333, "ENV_Test_Right action": 0.776704, "ENV_Test_Right action_epoch0": 0.773376, "ENV_Test_Probability to choose the right action": 0.708870237066064, "ENV_Test_Probability to choose the right action_epoch0": 0.704746154896801, "ENV_Test_Weighted right action": 0.8214493945107814, "ENV_Test_Weighted right action_epoch0": 0.8242517888032288, "ENV_Test_Weighted probability to choose the right action:": 0.7501456604051734, "ENV_Test_Weighted probability to choose the right action:_epoch0": 0.7444149325923382, "ENV_Test_proba_accuracy": 0.7088702370660648, "ENV_Test_proba_accuracy_epoch0": 0.7047461548968014, "ENV_Test_proba_accuracy_strategy_132": 0.7520228289719788, "ENV_Test_proba_accuracy_strategy_132_epoch0": 0.7458402584549431, "ENV_Test_proba_accuracy_strategy_23": 0.7088164645907074, "ENV_Test_proba_accuracy_strategy_23_epoch0": 0.7040416549453008, "ENV_Test_proba_accuracy_strategy_107": 0.800455497249719, "ENV_Test_proba_accuracy_strategy_107_epoch0": 0.7905738832146805, "ENV_Test_proba_accuracy_strategy_43": 0.7160208977472041, "ENV_Test_proba_accuracy_strategy_43_epoch0": 0.7107628678204382, "ENV_Test_proba_accuracy_strategy_17": 0.6766034637062199, "ENV_Test_proba_accuracy_strategy_17_epoch0": 0.674950968606021, "ENV_Test_proba_accuracy_strategy_93": 0.7083010578272914, "ENV_Test_proba_accuracy_strategy_93_epoch0": 0.7060759879170696, "ENV_Test_proba_accuracy_per_mean_strategy": 0.7270367016821867, "ENV_Test_proba_accuracy_per_mean_strategy_epoch0": 0.7220409368264088, "ENV_Test_proba_accuracy_per_mean_user": 0.7190354340194511, "ENV_Test_proba_accuracy_per_mean_user_epoch0": 0.7134941456506906, "ENV_Test_proba_accuracy_per_mean_user_and_bot": 0.7501456604051734, "ENV_Test_proba_accuracy_per_mean_user_and_bot_epoch0": 0.7444149325923385, "ENV_Test_accuracy": 0.776704, "ENV_Test_accuracy_epoch0": 0.773376, "ENV_Test_accuracy_strategy_132": 0.8113314447592068, "ENV_Test_accuracy_strategy_132_epoch0": 0.8118980169971671, "ENV_Test_accuracy_strategy_23": 0.7800937146550331, "ENV_Test_accuracy_strategy_23_epoch0": 0.7763774438519955, "ENV_Test_accuracy_strategy_107": 0.8686371100164204, "ENV_Test_accuracy_strategy_107_epoch0": 0.8669950738916257, "ENV_Test_accuracy_strategy_43": 0.7786259541984732, "ENV_Test_accuracy_strategy_43_epoch0": 0.7843511450381679, "ENV_Test_accuracy_strategy_17": 0.7438747731397459, "ENV_Test_accuracy_strategy_17_epoch0": 0.7329854809437386, "ENV_Test_accuracy_strategy_93": 0.7800369685767098, "ENV_Test_accuracy_strategy_93_epoch0": 0.789279112754159, "ENV_Test_accuracy_per_mean_strategy": 0.7937666608909316, "ENV_Test_accuracy_per_mean_strategy_epoch0": 0.7936477122461424, "ENV_Test_accuracy_per_mean_user": 0.7865420885756832, "ENV_Test_accuracy_per_mean_user_epoch0": 0.783367495454251, "ENV_Test_accuracy_per_mean_user_and_bot": 0.8214493945107819, "ENV_Test_accuracy_per_mean_user_and_bot_epoch0": 0.8242517888032297, "ENV_Online Simulation_TotalLoss_epoch1": 4089.613664891684, "ENV_Online Simulation_Right action_epoch1": 0.7183044375327194, "ENV_Online Simulation_Probability to choose the right action_epoch1": 0.6121952980248083, "ENV_Online Simulation_Weighted right action_epoch1": 0.7066112409222698, "ENV_Online Simulation_Weighted probability to choose the right action:_epoch1": 0.61218342843897, "ENV_Train_TotalLoss_epoch1": 1071.1015406046129, "ENV_Train_Right action_epoch1": 0.7755367326400536, "ENV_Train_Probability to choose the right action_epoch1": 0.692452847886653, "ENV_Train_Weighted right action_epoch1": 0.7755367326400536, "ENV_Train_Weighted probability to choose the right action:_epoch1": 0.692452847886653, "ENV_Test_TotalLoss_epoch1": 232.5081825912308, "ENV_Test_Right action_epoch1": 0.776704, "ENV_Test_Probability to choose the right action_epoch1": 0.708870237066064, "ENV_Test_Weighted right action_epoch1": 0.8214493945107814, "ENV_Test_Weighted probability to choose the right action:_epoch1": 0.7501456604051734, "ENV_Test_proba_accuracy_epoch1": 0.7088702370660648, "ENV_Test_proba_accuracy_strategy_132_epoch1": 0.7520228289719788, "ENV_Test_proba_accuracy_strategy_23_epoch1": 0.7088164645907074, "ENV_Test_proba_accuracy_strategy_107_epoch1": 0.800455497249719, "ENV_Test_proba_accuracy_strategy_43_epoch1": 0.7160208977472041, "ENV_Test_proba_accuracy_strategy_17_epoch1": 0.6766034637062199, "ENV_Test_proba_accuracy_strategy_93_epoch1": 0.7083010578272914, "ENV_Test_proba_accuracy_per_mean_strategy_epoch1": 0.7270367016821867, "ENV_Test_proba_accuracy_per_mean_user_epoch1": 0.7190354340194511, "ENV_Test_proba_accuracy_per_mean_user_and_bot_epoch1": 0.7501456604051734, "ENV_Test_accuracy_epoch1": 0.776704, "ENV_Test_accuracy_strategy_132_epoch1": 0.8113314447592068, "ENV_Test_accuracy_strategy_23_epoch1": 0.7800937146550331, "ENV_Test_accuracy_strategy_107_epoch1": 0.8686371100164204, "ENV_Test_accuracy_strategy_43_epoch1": 0.7786259541984732, "ENV_Test_accuracy_strategy_17_epoch1": 0.7438747731397459, "ENV_Test_accuracy_strategy_93_epoch1": 0.7800369685767098, "ENV_Test_accuracy_per_mean_strategy_epoch1": 0.7937666608909316, "ENV_Test_accuracy_per_mean_user_epoch1": 0.7865420885756832, "ENV_Test_accuracy_per_mean_user_and_bot_epoch1": 0.8214493945107819}