{"ENV_Online Simulation_TotalLoss": 5585.223223802568, "ENV_Online Simulation_TotalLoss_epoch0": 5646.286056141969, "ENV_Online Simulation_Right action": 0.6672102176881677, "ENV_Online Simulation_Right action_epoch0": 0.6577906726842897, "ENV_Online Simulation_Probability to choose the right action": 0.5739945951848191, "ENV_Online Simulation_Probability to choose the right action_epoch0": 0.5665158004673125, "ENV_Online Simulation_Weighted right action": 0.664688930849352, "ENV_Online Simulation_Weighted right action_epoch0": 0.6557858209645728, "ENV_Online Simulation_Weighted probability to choose the right action:": 0.5739945099476336, "ENV_Online Simulation_Weighted probability to choose the right action:_epoch0": 0.5665221744592726, "_timestamp": 1711458504.325529, "_runtime": 929.0665271282196, "_step": 8, "ENV_Train_TotalLoss": 1056.0416687669644, "ENV_Train_TotalLoss_epoch0": 1114.9807365707368, "ENV_Train_Right action": 0.777995192038911, "ENV_Train_Right action_epoch0": 0.7641146787067195, "ENV_Train_Probability to choose the right action": 0.69621193452253, "ENV_Train_Probability to choose the right action_epoch0": 0.6768148555335465, "ENV_Train_Weighted right action": 0.777995192038911, "ENV_Train_Weighted right action_epoch0": 0.7641146787067195, "ENV_Train_Weighted probability to choose the right action:": 0.69621193452253, "ENV_Train_Weighted probability to choose the right action:_epoch0": 0.6768148555335465, "ENV_Test_TotalLoss": 227.3887231806771, "ENV_Test_TotalLoss_epoch0": 236.20844037037278, "ENV_Test_Right action": 0.779328, "ENV_Test_Right action_epoch0": 0.774336, "ENV_Test_Probability to choose the right action": 0.7137960120152694, "ENV_Test_Probability to choose the right action_epoch0": 0.7146707881883188, "ENV_Test_Weighted right action": 0.8294122529936342, "ENV_Test_Weighted right action_epoch0": 0.8222926996644385, "ENV_Test_Weighted probability to choose the right action:": 0.7605809128832065, "ENV_Test_Weighted probability to choose the right action:_epoch0": 0.7606764550758488, "ENV_Test_proba_accuracy": 0.7137960120152693, "ENV_Test_proba_accuracy_epoch0": 0.7146707881883179, "ENV_Test_proba_accuracy_strategy_132": 0.7617987757121477, "ENV_Test_proba_accuracy_strategy_132_epoch0": 0.7596401302439154, "ENV_Test_proba_accuracy_strategy_23": 0.7126367838617296, "ENV_Test_proba_accuracy_strategy_23_epoch0": 0.7115813522048424, "ENV_Test_proba_accuracy_strategy_107": 0.8143748510058972, "ENV_Test_proba_accuracy_strategy_107_epoch0": 0.8130958231948102, "ENV_Test_proba_accuracy_strategy_43": 0.7271018880733795, "ENV_Test_proba_accuracy_strategy_43_epoch0": 0.7270875093259505, "ENV_Test_proba_accuracy_strategy_17": 0.6772121803128363, "ENV_Test_proba_accuracy_strategy_17_epoch0": 0.6815142826807066, "ENV_Test_proba_accuracy_strategy_93": 0.715220933598404, "ENV_Test_proba_accuracy_strategy_93_epoch0": 0.7206260330162635, "ENV_Test_proba_accuracy_per_mean_strategy": 0.734724235427399, "ENV_Test_proba_accuracy_per_mean_strategy_epoch0": 0.7355908551110816, "ENV_Test_proba_accuracy_per_mean_user": 0.7250321838066994, "ENV_Test_proba_accuracy_per_mean_user_epoch0": 0.7257489062645381, "ENV_Test_proba_accuracy_per_mean_user_and_bot": 0.7605809128832068, "ENV_Test_proba_accuracy_per_mean_user_and_bot_epoch0": 0.760676455075849, "ENV_Test_accuracy": 0.779328, "ENV_Test_accuracy_epoch0": 0.774336, "ENV_Test_accuracy_strategy_132": 0.8158640226628895, "ENV_Test_accuracy_strategy_132_epoch0": 0.8073654390934845, "ENV_Test_accuracy_strategy_23": 0.7852641783809986, "ENV_Test_accuracy_strategy_23_epoch0": 0.7776700597834868, "ENV_Test_accuracy_strategy_107": 0.8719211822660099, "ENV_Test_accuracy_strategy_107_epoch0": 0.8686371100164204, "ENV_Test_accuracy_strategy_43": 0.7913486005089059, "ENV_Test_accuracy_strategy_43_epoch0": 0.7843511450381679, "ENV_Test_accuracy_strategy_17": 0.7404718693284936, "ENV_Test_accuracy_strategy_17_epoch0": 0.7377495462794919, "ENV_Test_accuracy_strategy_93": 0.7744916820702403, "ENV_Test_accuracy_strategy_93_epoch0": 0.7828096118299446, "ENV_Test_accuracy_per_mean_strategy": 0.7965602558695896, "ENV_Test_accuracy_per_mean_strategy_epoch0": 0.7930971520068325, "ENV_Test_accuracy_per_mean_user": 0.7915585644613466, "ENV_Test_accuracy_per_mean_user_epoch0": 0.784546458353324, "ENV_Test_accuracy_per_mean_user_and_bot": 0.8294122529936352, "ENV_Test_accuracy_per_mean_user_and_bot_epoch0": 0.8222926996644389, "ENV_Online Simulation_TotalLoss_epoch1": 5594.524590006896, "ENV_Online Simulation_Right action_epoch1": 0.665443270433556, "ENV_Online Simulation_Probability to choose the right action_epoch1": 0.5710231070008668, "ENV_Online Simulation_Weighted right action_epoch1": 0.6621638917381474, "ENV_Online Simulation_Weighted probability to choose the right action:_epoch1": 0.5710261742519223, "ENV_Train_TotalLoss_epoch1": 1068.628426693048, "ENV_Train_Right action_epoch1": 0.7761813582300242, "ENV_Train_Probability to choose the right action_epoch1": 0.6924722673246245, "ENV_Train_Weighted right action_epoch1": 0.7761813582300242, "ENV_Train_Weighted probability to choose the right action:_epoch1": 0.6924722673246245, "ENV_Test_TotalLoss_epoch1": 230.67400328186488, "ENV_Test_Right action_epoch1": 0.778432, "ENV_Test_Probability to choose the right action_epoch1": 0.7167564822917306, "ENV_Test_Weighted right action_epoch1": 0.8252242311002103, "ENV_Test_Weighted probability to choose the right action:_epoch1": 0.7610135537282541, "ENV_Test_proba_accuracy_epoch1": 0.7167564822917305, "ENV_Test_proba_accuracy_strategy_132_epoch1": 0.7605653951020801, "ENV_Test_proba_accuracy_strategy_23_epoch1": 0.7166077211048061, "ENV_Test_proba_accuracy_strategy_107_epoch1": 0.8137200338346483, "ENV_Test_proba_accuracy_strategy_43_epoch1": 0.7267452599844624, "ENV_Test_proba_accuracy_strategy_17_epoch1": 0.6818041509192039, "ENV_Test_proba_accuracy_strategy_93_epoch1": 0.719450259688305, "ENV_Test_proba_accuracy_per_mean_strategy_epoch1": 0.7364821367722509, "ENV_Test_proba_accuracy_per_mean_user_epoch1": 0.7266860380850972, "ENV_Test_proba_accuracy_per_mean_user_and_bot_epoch1": 0.7610135537282541, "ENV_Test_accuracy_epoch1": 0.778432, "ENV_Test_accuracy_strategy_132_epoch1": 0.8124645892351274, "ENV_Test_accuracy_strategy_23_epoch1": 0.7833252544837616, "ENV_Test_accuracy_strategy_107_epoch1": 0.8702791461412152, "ENV_Test_accuracy_strategy_43_epoch1": 0.787531806615776, "ENV_Test_accuracy_strategy_17_epoch1": 0.7409255898366606, "ENV_Test_accuracy_strategy_93_epoch1": 0.7828096118299446, "ENV_Test_accuracy_per_mean_strategy_epoch1": 0.7962226663570808, "ENV_Test_accuracy_per_mean_user_epoch1": 0.7885585644579106, "ENV_Test_accuracy_per_mean_user_and_bot_epoch1": 0.825224231100211, "ENV_Online Simulation_TotalLoss_epoch2": 5585.223223802568, "ENV_Online Simulation_Right action_epoch2": 0.6672102176881677, "ENV_Online Simulation_Probability to choose the right action_epoch2": 0.5739945951848191, "ENV_Online Simulation_Weighted right action_epoch2": 0.664688930849352, "ENV_Online Simulation_Weighted probability to choose the right action:_epoch2": 0.5739945099476336, "ENV_Train_TotalLoss_epoch2": 1056.0416687669644, "ENV_Train_Right action_epoch2": 0.777995192038911, "ENV_Train_Probability to choose the right action_epoch2": 0.69621193452253, "ENV_Train_Weighted right action_epoch2": 0.777995192038911, "ENV_Train_Weighted probability to choose the right action:_epoch2": 0.69621193452253, "ENV_Test_TotalLoss_epoch2": 227.3887231806771, "ENV_Test_Right action_epoch2": 0.779328, "ENV_Test_Probability to choose the right action_epoch2": 0.7137960120152694, "ENV_Test_Weighted right action_epoch2": 0.8294122529936342, "ENV_Test_Weighted probability to choose the right action:_epoch2": 0.7605809128832065, "ENV_Test_proba_accuracy_epoch2": 0.7137960120152693, "ENV_Test_proba_accuracy_strategy_132_epoch2": 0.7617987757121477, "ENV_Test_proba_accuracy_strategy_23_epoch2": 0.7126367838617296,