{"ENV_Online Simulation_TotalLoss": 4705.384462721728, "ENV_Online Simulation_TotalLoss_epoch0": 4705.384462721728, "ENV_Online Simulation_Right action": 0.6889006903876792, "ENV_Online Simulation_Right action_epoch0": 0.6889006903876792, "ENV_Online Simulation_Probability to choose the right action": 0.5885580491627221, "ENV_Online Simulation_Probability to choose the right action_epoch0": 0.5885580491627221, "ENV_Online Simulation_Weighted right action": 0.6834299085804622, "ENV_Online Simulation_Weighted right action_epoch0": 0.6834299085804622, "ENV_Online Simulation_Weighted probability to choose the right action:": 0.5885695526306177, "ENV_Online Simulation_Weighted probability to choose the right action:_epoch0": 0.5885695526306177, "_timestamp": 1713681820.942251, "_runtime": 376.7925400733948, "_step": 0}