{"ENV_Online Simulation_TotalLoss": 5466.15241843107, "ENV_Online Simulation_TotalLoss_epoch0": 5646.286056141969, "ENV_Online Simulation_Right action": 0.6779604734615179, "ENV_Online Simulation_Right action_epoch0": 0.6577906726842897, "ENV_Online Simulation_Probability to choose the right action": 0.5836551591516117, "ENV_Online Simulation_Probability to choose the right action_epoch0": 0.5665158004673125, "ENV_Online Simulation_Weighted right action": 0.6750081318707675, "ENV_Online Simulation_Weighted right action_epoch0": 0.6557858209645728, "ENV_Online Simulation_Weighted probability to choose the right action:": 0.5836530697881633, "ENV_Online Simulation_Weighted probability to choose the right action:_epoch0": 0.5665221744592726, "_timestamp": 1713003433.3027716, "_runtime": 1560.5833785533905, "_step": 14, "ENV_Train_TotalLoss": 1038.0939348570066, "ENV_Train_TotalLoss_epoch0": 1114.9807365707368, "ENV_Train_Right action": 0.7823498169010147, "ENV_Train_Right action_epoch0": 0.7641146787067195, "ENV_Train_Probability to choose the right action": 0.7022394328039269, "ENV_Train_Probability to choose the right action_epoch0": 0.6768148555335465, "ENV_Train_Weighted right action": 0.7823498169010147, "ENV_Train_Weighted right action_epoch0": 0.7641146787067195, "ENV_Train_Weighted probability to choose the right action:": 0.7022394328039269, "ENV_Train_Weighted probability to choose the right action:_epoch0": 0.6768148555335465, "ENV_Test_TotalLoss": 227.42039333942995, "ENV_Test_TotalLoss_epoch0": 236.20844037037278, "ENV_Test_Right action": 0.779136, "ENV_Test_Right action_epoch0": 0.774336, "ENV_Test_Probability to choose the right action": 0.7210059948683195, "ENV_Test_Probability to choose the right action_epoch0": 0.7146707881883188, "ENV_Test_Weighted right action": 0.8324707237397609, "ENV_Test_Weighted right action_epoch0": 0.8222926996644385, "ENV_Test_Weighted probability to choose the right action:": 0.766896389947997, "ENV_Test_Weighted probability to choose the right action:_epoch0": 0.7606764550758488, "ENV_Test_proba_accuracy": 0.7210059948683187, "ENV_Test_proba_accuracy_epoch0": 0.7146707881883179, "ENV_Test_proba_accuracy_strategy_132": 0.7661181935543679, "ENV_Test_proba_accuracy_strategy_132_epoch0": 0.7596401302439154, "ENV_Test_proba_accuracy_strategy_23": 0.722705397931068, "ENV_Test_proba_accuracy_strategy_23_epoch0": 0.7115813522048424, "ENV_Test_proba_accuracy_strategy_107": 0.8179856901024158, "ENV_Test_proba_accuracy_strategy_107_epoch0": 0.8130958231948102, "ENV_Test_proba_accuracy_strategy_43": 0.7310616606662595, "ENV_Test_proba_accuracy_strategy_43_epoch0": 0.7270875093259505, "ENV_Test_proba_accuracy_strategy_17": 0.6840648564039111, "ENV_Test_proba_accuracy_strategy_17_epoch0": 0.6815142826807066, "ENV_Test_proba_accuracy_strategy_93": 0.7189983803423919, "ENV_Test_proba_accuracy_strategy_93_epoch0": 0.7206260330162635, "ENV_Test_proba_accuracy_per_mean_strategy": 0.7401556965000692, "ENV_Test_proba_accuracy_per_mean_strategy_epoch0": 0.7355908551110816, "ENV_Test_proba_accuracy_per_mean_user": 0.7323996107043521, "ENV_Test_proba_accuracy_per_mean_user_epoch0": 0.7257489062645381, "ENV_Test_proba_accuracy_per_mean_user_and_bot": 0.7668963899479971, "ENV_Test_proba_accuracy_per_mean_user_and_bot_epoch0": 0.760676455075849, "ENV_Test_accuracy": 0.779136, "ENV_Test_accuracy_epoch0": 0.774336, "ENV_Test_accuracy_strategy_132": 0.8254957507082153, "ENV_Test_accuracy_strategy_132_epoch0": 0.8073654390934845, "ENV_Test_accuracy_strategy_23": 0.7821942155437066, "ENV_Test_accuracy_strategy_23_epoch0": 0.7776700597834868, "ENV_Test_accuracy_strategy_107": 0.8817733990147784, "ENV_Test_accuracy_strategy_107_epoch0": 0.8686371100164204, "ENV_Test_accuracy_strategy_43": 0.787531806615776, "ENV_Test_accuracy_strategy_43_epoch0": 0.7843511450381679, "ENV_Test_accuracy_strategy_17": 0.7404718693284936, "ENV_Test_accuracy_strategy_17_epoch0": 0.7377495462794919, "ENV_Test_accuracy_strategy_93": 0.7735674676524954, "ENV_Test_accuracy_strategy_93_epoch0": 0.7828096118299446, "ENV_Test_accuracy_per_mean_strategy": 0.7985057514772443, "ENV_Test_accuracy_per_mean_strategy_epoch0": 0.7930971520068325, "ENV_Test_accuracy_per_mean_user": 0.7937802650160135, "ENV_Test_accuracy_per_mean_user_epoch0": 0.784546458353324, "ENV_Test_accuracy_per_mean_user_and_bot": 0.832470723739762, "ENV_Test_accuracy_per_mean_user_and_bot_epoch0": 0.8222926996644389, "ENV_Online Simulation_TotalLoss_epoch1": 5594.524590006896, "ENV_Online Simulation_Right action_epoch1": 0.665443270433556, "ENV_Online Simulation_Probability to choose the right action_epoch1": 0.5710231070008668, "ENV_Online Simulation_Weighted right action_epoch1": 0.6621638917381474, "ENV_Online Simulation_Weighted probability to choose the right action:_epoch1": 0.5710261742519223, "ENV_Train_TotalLoss_epoch1": 1068.628426693048, "ENV_Train_Right action_epoch1": 0.7761813582300242, "ENV_Train_Probability to choose the right action_epoch1": 0.6924722673246245, "ENV_Train_Weighted right action_epoch1": 0.7761813582300242, "ENV_Train_Weighted probability to choose the right action:_epoch1": 0.6924722673246245, "ENV_Test_TotalLoss_epoch1": 230.67400328186488, "ENV_Test_Right action_epoch1": 0.778432, "ENV_Test_Probability to choose the right action_epoch1": 0.7167564822917306, "ENV_Test_Weighted right action_epoch1": 0.8252242311002103, "ENV_Test_Weighted probability to choose the right action:_epoch1": 0.7610135537282541, "ENV_Test_proba_accuracy_epoch1": 0.7167564822917305, "ENV_Test_proba_accuracy_strategy_132_epoch1": 0.7605653951020801, "ENV_Test_proba_accuracy_strategy_23_epoch1": 0.7166077211048061, "ENV_Test_proba_accuracy_strategy_107_epoch1": 0.8137200338346483, "ENV_Test_proba_accuracy_strategy_43_epoch1": 0.7267452599844624, "ENV_Test_proba_accuracy_strategy_17_epoch1": 0.6818041509192039, "ENV_Test_proba_accuracy_strategy_93_epoch1": 0.719450259688305, "ENV_Test_proba_accuracy_per_mean_strategy_epoch1": 0.7364821367722509, "ENV_Test_proba_accuracy_per_mean_user_epoch1": 0.7266860380850972, "ENV_Test_proba_accuracy_per_mean_user_and_bot_epoch1": 0.7610135537282541, "ENV_Test_accuracy_epoch1": 0.778432, "ENV_Test_accuracy_strategy_132_epoch1": 0.8124645892351274, "ENV_Test_accuracy_strategy_23_epoch1": 0.7833252544837616, "ENV_Test_accuracy_strategy_107_epoch1": 0.8702791461412152, "ENV_Test_accuracy_strategy_43_epoch1": 0.787531806615776, "ENV_Test_accuracy_strategy_17_epoch1": 0.7409255898366606, "ENV_Test_accuracy_strategy_93_epoch1": 0.7828096118299446, "ENV_Test_accuracy_per_mean_strategy_epoch1": 0.7962226663570808, "ENV_Test_accuracy_per_mean_user_epoch1": 0.7885585644579106, "ENV_Test_accuracy_per_mean_user_and_bot_epoch1": 0.825224231100211, "ENV_Online Simulation_TotalLoss_epoch2": 5585.223223802568, "ENV_Online Simulation_Right action_epoch2": 0.6672102176881677, "ENV_Online Simulation_Probability to choose the right action_epoch2": 0.5739945951848191, "ENV_Online Simulation_Weighted right action_epoch2": 0.664688930849352, "ENV_Online Simulation_Weighted probability to choose the right action:_epoch2": 0.5739945099476336, "ENV_Train_TotalLoss_epoch2": 1056.0416687669644, "ENV_Train_Right action_epoch2": 0.777995192038911, "ENV_Train_Probability to choose the right action_epoch2": 0.69621193452253, "ENV_Train_Weighted right action_epoch2": 0.777995192038911, "ENV_Train_Weighted probability to choose the right action:_epoch2": 0.69621193452253, "ENV_Test_TotalLoss_epoch2": 227.3887231806771, "ENV_Test_Right action_epoch2": 0.779328, "ENV_Test_Probability to choose the right action_epoch2": 0.7137960120152694, "ENV_Test_Weighted right action_epoch2": 0.8294122529936342, "ENV_Test_Weighted probability to choose the right action:_epoch2": 0.7605809128832065, "ENV_Test_proba_accuracy_epoch2": 0.7137960120152693, "ENV_Test_proba_accuracy_strategy_132_epoch2": 0.7617987757121477, "ENV_Test_proba_accuracy_strategy_23_epoch2": 0.7126367838617296,