{"ENV_Train_TotalLoss": 502.43241544100243, "ENV_Train_TotalLoss_epoch0": 564.4313663473635, "ENV_Train_Right action": 0.7754925631166354, "ENV_Train_Right action_epoch0": 0.7313610879160205, "ENV_Train_Probability to choose the right action": 0.689341264361814, "ENV_Train_Probability to choose the right action_epoch0": 0.6389121589582517, "ENV_Train_Weighted right action": 0.7754925631166354, "ENV_Train_Weighted right action_epoch0": 0.7313610879160205, "ENV_Train_Weighted probability to choose the right action:": 0.689341264361814, "ENV_Train_Weighted probability to choose the right action:_epoch0": 0.6389121589582517, "_timestamp": 1714046304.6896563, "_runtime": 76.66981935501099, "_step": 3, "ENV_Test_TotalLoss": 141.63821874769081, "ENV_Test_TotalLoss_epoch0": 149.836526717999, "ENV_Test_Right action": 0.7576312576312576, "ENV_Test_Right action_epoch0": 0.739010989010989, "ENV_Test_Probability to choose the right action": 0.6956942463802088, "ENV_Test_Probability to choose the right action_epoch0": 0.6669707548123743, "ENV_Test_Weighted right action": 0.7576312576312576, "ENV_Test_Weighted right action_epoch0": 0.739010989010989, "ENV_Test_Weighted probability to choose the right action:": 0.6956942463802088, "ENV_Test_Weighted probability to choose the right action:_epoch0": 0.6669707548123743, "ENV_Test_proba_accuracy": 0.6956942463802086, "ENV_Test_proba_accuracy_epoch0": 0.6669707548123738, "ENV_Test_proba_accuracy_strategy_59": 0.7165867682673687, "ENV_Test_proba_accuracy_strategy_59_epoch0": 0.6861655931179631, "ENV_Test_proba_accuracy_strategy_19": 0.6816128787924908, "ENV_Test_proba_accuracy_strategy_19_epoch0": 0.6540336103437625, "ENV_Test_proba_accuracy_per_mean_strategy": 0.6990998235299297, "ENV_Test_proba_accuracy_per_mean_strategy_epoch0": 0.6700996017308627, "ENV_Test_proba_accuracy_per_mean_user": 0.7015501131941276, "ENV_Test_proba_accuracy_per_mean_user_epoch0": 0.6792674131746136, "ENV_Test_proba_accuracy_per_mean_user_and_bot": 0.7077018734422058, "ENV_Test_proba_accuracy_per_mean_user_and_bot_epoch0": 0.6874923805522837, "ENV_Test_accuracy": 0.7576312576312576, "ENV_Test_accuracy_epoch0": 0.739010989010989, "ENV_Test_accuracy_strategy_59": 0.7839272175890827, "ENV_Test_accuracy_strategy_59_epoch0": 0.765352539802881, "ENV_Test_accuracy_strategy_19": 0.7399080224833929, "ENV_Test_accuracy_strategy_19_epoch0": 0.7212570260602964, "ENV_Test_accuracy_per_mean_strategy": 0.7619176200362379, "ENV_Test_accuracy_per_mean_strategy_epoch0": 0.7433047829315886, "ENV_Test_accuracy_per_mean_user": 0.7687681110110246, "ENV_Test_accuracy_per_mean_user_epoch0": 0.7514987355664099, "ENV_Test_accuracy_per_mean_user_and_bot": 0.7806088106265556, "ENV_Test_accuracy_per_mean_user_and_bot_epoch0": 0.7602992017993977, "ENV_Train_TotalLoss_epoch1": 502.43241544100243, "ENV_Train_Right action_epoch1": 0.7754925631166354, "ENV_Train_Probability to choose the right action_epoch1": 0.689341264361814, "ENV_Train_Weighted right action_epoch1": 0.7754925631166354, "ENV_Train_Weighted probability to choose the right action:_epoch1": 0.689341264361814, "ENV_Test_TotalLoss_epoch1": 141.63821874769081, "ENV_Test_Right action_epoch1": 0.7576312576312576, "ENV_Test_Probability to choose the right action_epoch1": 0.6956942463802088, "ENV_Test_Weighted right action_epoch1": 0.7576312576312576, "ENV_Test_Weighted probability to choose the right action:_epoch1": 0.6956942463802088, "ENV_Test_proba_accuracy_epoch1": 0.6956942463802086, "ENV_Test_proba_accuracy_strategy_59_epoch1": 0.7165867682673687, "ENV_Test_proba_accuracy_strategy_19_epoch1": 0.6816128787924908, "ENV_Test_proba_accuracy_per_mean_strategy_epoch1": 0.6990998235299297, "ENV_Test_proba_accuracy_per_mean_user_epoch1": 0.7015501131941276, "ENV_Test_proba_accuracy_per_mean_user_and_bot_epoch1": 0.7077018734422058, "ENV_Test_accuracy_epoch1": 0.7576312576312576, "ENV_Test_accuracy_strategy_59_epoch1": 0.7839272175890827, "ENV_Test_accuracy_strategy_19_epoch1": 0.7399080224833929, "ENV_Test_accuracy_per_mean_strategy_epoch1": 0.7619176200362379, "ENV_Test_accuracy_per_mean_user_epoch1": 0.7687681110110246, "ENV_Test_accuracy_per_mean_user_and_bot_epoch1": 0.7806088106265556}