{"ENV_Online Simulation_TotalLoss": 5705.961909415267, "ENV_Online Simulation_TotalLoss_epoch0": 5705.961909415267, "ENV_Online Simulation_Right action": 0.6531846793982716, "ENV_Online Simulation_Right action_epoch0": 0.6531846793982716, "ENV_Online Simulation_Probability to choose the right action": 0.5626772678479957, "ENV_Online Simulation_Probability to choose the right action_epoch0": 0.5626772678479957, "ENV_Online Simulation_Weighted right action": 0.6509274072476773, "ENV_Online Simulation_Weighted right action_epoch0": 0.6509274072476773, "ENV_Online Simulation_Weighted probability to choose the right action:": 0.5626860247065227, "ENV_Online Simulation_Weighted probability to choose the right action:_epoch0": 0.5626860247065227, "_timestamp": 1713681415.8075883, "_runtime": 249.24648642539978, "_step": 0}