{"ENV_Online Simulation_TotalLoss": 5255.118131146649, "ENV_Online Simulation_TotalLoss_epoch0": 5255.118131146649, "ENV_Online Simulation_Right action": 0.6706910812583783, "ENV_Online Simulation_Right action_epoch0": 0.6706910812583783, "ENV_Online Simulation_Probability to choose the right action": 0.5779256225313562, "ENV_Online Simulation_Probability to choose the right action_epoch0": 0.5779256225313562, "ENV_Online Simulation_Weighted right action": 0.6695467919410739, "ENV_Online Simulation_Weighted right action_epoch0": 0.6695467919410739, "ENV_Online Simulation_Weighted probability to choose the right action:": 0.5779289142432005, "ENV_Online Simulation_Weighted probability to choose the right action:_epoch0": 0.5779289142432005, "_timestamp": 1713535616.3876066, "_runtime": 297.2482056617737, "_step": 2, "ENV_Train_TotalLoss": 1113.254483318655, "ENV_Train_TotalLoss_epoch0": 1113.254483318655, "ENV_Train_Right action": 0.7650652091865975, "ENV_Train_Right action_epoch0": 0.7650652091865975, "ENV_Train_Probability to choose the right action": 0.6774099599298559, "ENV_Train_Probability to choose the right action_epoch0": 0.6774099599298559, "ENV_Train_Weighted right action": 0.7650652091865975, "ENV_Train_Weighted right action_epoch0": 0.7650652091865975, "ENV_Train_Weighted probability to choose the right action:": 0.6774099599298559, "ENV_Train_Weighted probability to choose the right action:_epoch0": 0.6774099599298559, "ENV_Test_TotalLoss": 241.515470554002, "ENV_Test_TotalLoss_epoch0": 241.515470554002, "ENV_Test_Right action": 0.77664, "ENV_Test_Right action_epoch0": 0.77664, "ENV_Test_Probability to choose the right action": 0.7238894114379633, "ENV_Test_Probability to choose the right action_epoch0": 0.7238894114379633, "ENV_Test_Weighted right action": 0.8244560535447752, "ENV_Test_Weighted right action_epoch0": 0.8244560535447752, "ENV_Test_Weighted probability to choose the right action:": 0.7681442872761807, "ENV_Test_Weighted probability to choose the right action:_epoch0": 0.7681442872761807, "ENV_Test_proba_accuracy": 0.7238894114379636, "ENV_Test_proba_accuracy_epoch0": 0.7238894114379636, "ENV_Test_proba_accuracy_strategy_132": 0.7667665785463558, "ENV_Test_proba_accuracy_strategy_132_epoch0": 0.7667665785463558, "ENV_Test_proba_accuracy_strategy_23": 0.7234578036726947, "ENV_Test_proba_accuracy_strategy_23_epoch0": 0.7234578036726947, "ENV_Test_proba_accuracy_strategy_107": 0.8173365206294534, "ENV_Test_proba_accuracy_strategy_107_epoch0": 0.8173365206294534, "ENV_Test_proba_accuracy_strategy_43": 0.7352709727795798, "ENV_Test_proba_accuracy_strategy_43_epoch0": 0.7352709727795798, "ENV_Test_proba_accuracy_strategy_17": 0.6893652360106078, "ENV_Test_proba_accuracy_strategy_17_epoch0": 0.6893652360106078, "ENV_Test_proba_accuracy_strategy_93": 0.7279323706524579, "ENV_Test_proba_accuracy_strategy_93_epoch0": 0.7279323706524579, "ENV_Test_proba_accuracy_per_mean_strategy": 0.7433549137151916, "ENV_Test_proba_accuracy_per_mean_strategy_epoch0": 0.7433549137151916, "ENV_Test_proba_accuracy_per_mean_user": 0.7342214787189633, "ENV_Test_proba_accuracy_per_mean_user_epoch0": 0.7342214787189633, "ENV_Test_proba_accuracy_per_mean_user_and_bot": 0.7681442872761806, "ENV_Test_proba_accuracy_per_mean_user_and_bot_epoch0": 0.7681442872761806, "ENV_Test_accuracy": 0.77664, "ENV_Test_accuracy_epoch0": 0.77664, "ENV_Test_accuracy_strategy_132": 0.8113314447592068, "ENV_Test_accuracy_strategy_132_epoch0": 0.8113314447592068, "ENV_Test_accuracy_strategy_23": 0.7797705606721603, "ENV_Test_accuracy_strategy_23_epoch0": 0.7797705606721603, "ENV_Test_accuracy_strategy_107": 0.8686371100164204, "ENV_Test_accuracy_strategy_107_epoch0": 0.8686371100164204, "ENV_Test_accuracy_strategy_43": 0.7932569974554707, "ENV_Test_accuracy_strategy_43_epoch0": 0.7932569974554707, "ENV_Test_accuracy_strategy_17": 0.7377495462794919, "ENV_Test_accuracy_strategy_17_epoch0": 0.7377495462794919, "ENV_Test_accuracy_strategy_93": 0.7846580406654344, "ENV_Test_accuracy_strategy_93_epoch0": 0.7846580406654344, "ENV_Test_accuracy_per_mean_strategy": 0.7959006166413641, "ENV_Test_accuracy_per_mean_strategy_epoch0": 0.7959006166413641, "ENV_Test_accuracy_per_mean_user": 0.7869081720059901, "ENV_Test_accuracy_per_mean_user_epoch0": 0.7869081720059901, "ENV_Test_accuracy_per_mean_user_and_bot": 0.8244560535447756, "ENV_Test_accuracy_per_mean_user_and_bot_epoch0": 0.8244560535447756}