{"ENV_Online Simulation_TotalLoss": 5528.860755659328, "ENV_Online Simulation_TotalLoss_epoch0": 5595.8200706079615, "ENV_Online Simulation_Right action": 0.6758116115392105, "ENV_Online Simulation_Right action_epoch0": 0.6601099520721737, "ENV_Online Simulation_Probability to choose the right action": 0.5886098536598654, "ENV_Online Simulation_Probability to choose the right action_epoch0": 0.5746479707363128, "ENV_Online Simulation_Weighted right action": 0.6772096673625806, "ENV_Online Simulation_Weighted right action_epoch0": 0.6616574743919271, "ENV_Online Simulation_Weighted probability to choose the right action:": 0.5886059166377043, "ENV_Online Simulation_Weighted probability to choose the right action:_epoch0": 0.5746389759691456, "_timestamp": 1713712266.492146, "_runtime": 916.3900229930878, "_step": 8, "ENV_Train_TotalLoss": 1050.26343192579, "ENV_Train_TotalLoss_epoch0": 1108.8555030557384, "ENV_Train_Right action": 0.7779781122898235, "ENV_Train_Right action_epoch0": 0.7630387388898205, "ENV_Train_Probability to choose the right action": 0.6977362043286687, "ENV_Train_Probability to choose the right action_epoch0": 0.6783373648954347, "ENV_Train_Weighted right action": 0.7779781122898235, "ENV_Train_Weighted right action_epoch0": 0.7630387388898205, "ENV_Train_Weighted probability to choose the right action:": 0.6977362043286687, "ENV_Train_Weighted probability to choose the right action:_epoch0": 0.6783373648954347, "ENV_Test_TotalLoss": 229.3316480082645, "ENV_Test_TotalLoss_epoch0": 236.4672651078707, "ENV_Test_Right action": 0.78112, "ENV_Test_Right action_epoch0": 0.773568, "ENV_Test_Probability to choose the right action": 0.7142610730180459, "ENV_Test_Probability to choose the right action_epoch0": 0.7145888889492095, "ENV_Test_Weighted right action": 0.83182765001498, "ENV_Test_Weighted right action_epoch0": 0.821316275388227, "ENV_Test_Weighted probability to choose the right action:": 0.75599611353931, "ENV_Test_Weighted probability to choose the right action:_epoch0": 0.7625444490933161, "ENV_Test_proba_accuracy": 0.7142610730180453, "ENV_Test_proba_accuracy_epoch0": 0.7145888889492089, "ENV_Test_proba_accuracy_strategy_132": 0.7548430085865089, "ENV_Test_proba_accuracy_strategy_132_epoch0": 0.7631428156141055, "ENV_Test_proba_accuracy_strategy_23": 0.7174210844886817, "ENV_Test_proba_accuracy_strategy_23_epoch0": 0.7123652402098721, "ENV_Test_proba_accuracy_strategy_107": 0.7996886869950578, "ENV_Test_proba_accuracy_strategy_107_epoch0": 0.8136700652235553, "ENV_Test_proba_accuracy_strategy_43": 0.7154153168613689, "ENV_Test_proba_accuracy_strategy_43_epoch0": 0.7260911456312608, "ENV_Test_proba_accuracy_strategy_17": 0.6807709251044974, "ENV_Test_proba_accuracy_strategy_17_epoch0": 0.6804737523448495, "ENV_Test_proba_accuracy_strategy_93": 0.7166642675643535, "ENV_Test_proba_accuracy_strategy_93_epoch0": 0.7146092399482533, "ENV_Test_proba_accuracy_per_mean_strategy": 0.7308005482667447, "ENV_Test_proba_accuracy_per_mean_strategy_epoch0": 0.7350587098286495, "ENV_Test_proba_accuracy_per_mean_user": 0.7238246031643958, "ENV_Test_proba_accuracy_per_mean_user_epoch0": 0.7273375698030458, "ENV_Test_proba_accuracy_per_mean_user_and_bot": 0.7559961135393112, "ENV_Test_proba_accuracy_per_mean_user_and_bot_epoch0": 0.7625444490933168, "ENV_Test_accuracy": 0.78112, "ENV_Test_accuracy_epoch0": 0.773568, "ENV_Test_accuracy_strategy_132": 0.8232294617563739, "ENV_Test_accuracy_strategy_132_epoch0": 0.8113314447592068, "ENV_Test_accuracy_strategy_23": 0.7834868314751979, "ENV_Test_accuracy_strategy_23_epoch0": 0.7786395217321054, "ENV_Test_accuracy_strategy_107": 0.8784893267651889, "ENV_Test_accuracy_strategy_107_epoch0": 0.8784893267651889, "ENV_Test_accuracy_strategy_43": 0.7818066157760815, "ENV_Test_accuracy_strategy_43_epoch0": 0.7760814249363868, "ENV_Test_accuracy_strategy_17": 0.7463702359346642, "ENV_Test_accuracy_strategy_17_epoch0": 0.7372958257713249, "ENV_Test_accuracy_strategy_93": 0.7846580406654344, "ENV_Test_accuracy_strategy_93_epoch0": 0.7680221811460258, "ENV_Test_accuracy_per_mean_strategy": 0.7996734187288235, "ENV_Test_accuracy_per_mean_strategy_epoch0": 0.7916432875183732, "ENV_Test_accuracy_per_mean_user": 0.7930360700967198, "ENV_Test_accuracy_per_mean_user_epoch0": 0.7858875165661608, "ENV_Test_accuracy_per_mean_user_and_bot": 0.8318276500149806, "ENV_Test_accuracy_per_mean_user_and_bot_epoch0": 0.8213162753882284, "ENV_Online Simulation_TotalLoss_epoch1": 5485.465334588706, "ENV_Online Simulation_Right action_epoch1": 0.6694529391777099, "ENV_Online Simulation_Probability to choose the right action_epoch1": 0.5815471410167009, "ENV_Online Simulation_Weighted right action_epoch1": 0.670689828253675, "ENV_Online Simulation_Weighted probability to choose the right action:_epoch1": 0.5815470688548622, "ENV_Train_TotalLoss_epoch1": 1064.8378629783656, "ENV_Train_Right action_epoch1": 0.7754965128792856, "ENV_Train_Probability to choose the right action_epoch1": 0.6928606635245529, "ENV_Train_Weighted right action_epoch1": 0.7754965128792856, "ENV_Train_Weighted probability to choose the right action:_epoch1": 0.6928606635245529, "ENV_Test_TotalLoss_epoch1": 227.11760516967155, "ENV_Test_Right action_epoch1": 0.777664, "ENV_Test_Probability to choose the right action_epoch1": 0.7135733470830502, "ENV_Test_Weighted right action_epoch1": 0.8278471024071705, "ENV_Test_Weighted probability to choose the right action:_epoch1": 0.758326002284708, "ENV_Test_proba_accuracy_epoch1": 0.7135733470830512, "ENV_Test_proba_accuracy_strategy_132_epoch1": 0.7565507969536883, "ENV_Test_proba_accuracy_strategy_23_epoch1": 0.7143141515133364, "ENV_Test_proba_accuracy_strategy_107_epoch1": 0.8116759545480116, "ENV_Test_proba_accuracy_strategy_43_epoch1": 0.7213656479688365, "ENV_Test_proba_accuracy_strategy_17_epoch1": 0.6780407057753557, "ENV_Test_proba_accuracy_strategy_93_epoch1": 0.7174493732429374, "ENV_Test_proba_accuracy_per_mean_strategy_epoch1": 0.7332327716670277, "ENV_Test_proba_accuracy_per_mean_user_epoch1": 0.7238907457454109, "ENV_Test_proba_accuracy_per_mean_user_and_bot_epoch1": 0.7583260022847096, "ENV_Test_accuracy_epoch1": 0.777664, "ENV_Test_accuracy_strategy_132_epoch1": 0.8181303116147309, "ENV_Test_accuracy_strategy_23_epoch1": 0.7821942155437066, "ENV_Test_accuracy_strategy_107_epoch1": 0.8752052545155994, "ENV_Test_accuracy_strategy_43_epoch1": 0.7792620865139949, "ENV_Test_accuracy_strategy_17_epoch1": 0.7402450090744102, "ENV_Test_accuracy_strategy_93_epoch1": 0.7809611829944547, "ENV_Test_accuracy_per_mean_strategy_epoch1": 0.7959996767094828, "ENV_Test_accuracy_per_mean_user_epoch1": 0.790384115834501, "ENV_Test_accuracy_per_mean_user_and_bot_epoch1": 0.8278471024071712, "ENV_Online Simulation_TotalLoss_epoch2": 5528.860755659328, "ENV_Online Simulation_Right action_epoch2": 0.6758116115392105, "ENV_Online Simulation_Probability to choose the right action_epoch2": 0.5886098536598654, "ENV_Online Simulation_Weighted right action_epoch2": 0.6772096673625806, "ENV_Online Simulation_Weighted probability to choose the right action:_epoch2": 0.5886059166377043, "ENV_Train_TotalLoss_epoch2": 1050.26343192579, "ENV_Train_Right action_epoch2": 0.7779781122898235, "ENV_Train_Probability to choose the right action_epoch2": 0.6977362043286687, "ENV_Train_Weighted right action_epoch2": 0.7779781122898235, "ENV_Train_Weighted probability to choose the right action:_epoch2": 0.6977362043286687, "ENV_Test_TotalLoss_epoch2": 229.3316480082645, "ENV_Test_Right action_epoch2": 0.78112, "ENV_Test_Probability to choose the right action_epoch2": 0.7142610730180459, "ENV_Test_Weighted right action_epoch2": 0.83182765001498, "ENV_Test_Weighted probability to choose the right action:_epoch2": 0.75599611353931, "ENV_Test_proba_accuracy_epoch2": 0.7142610730180453, "ENV_Test_proba_accuracy_strategy_132_epoch2": 0.7548430085865089, "ENV_Test_proba_accuracy_strategy_23_epoch2": 0.7174210844886817,