{"ENV_Online Simulation_TotalLoss": 5568.368110723027, "ENV_Online Simulation_TotalLoss_epoch0": 5652.170824292587, "ENV_Online Simulation_Right action": 0.6739236479321314, "ENV_Online Simulation_Right action_epoch0": 0.6566311118239901, "ENV_Online Simulation_Probability to choose the right action": 0.5799155448494869, "ENV_Online Simulation_Probability to choose the right action_epoch0": 0.5655097466725851, "ENV_Online Simulation_Weighted right action": 0.67147705907738, "ENV_Online Simulation_Weighted right action_epoch0": 0.6542821227721848, "ENV_Online Simulation_Weighted probability to choose the right action:": 0.5799196081563854, "ENV_Online Simulation_Weighted probability to choose the right action:_epoch0": 0.5655235450696436, "_timestamp": 1718436582.8612454, "_runtime": 1562.4299194812775, "_step": 14, "ENV_Train_TotalLoss": 1039.6053795273858, "ENV_Train_TotalLoss_epoch0": 1116.3835517367036, "ENV_Train_Right action": 0.7822270675220484, "ENV_Train_Right action_epoch0": 0.7638803466592117, "ENV_Train_Probability to choose the right action": 0.7018183830977848, "ENV_Train_Probability to choose the right action_epoch0": 0.6756495684363952, "ENV_Train_Weighted right action": 0.7822270675220484, "ENV_Train_Weighted right action_epoch0": 0.7638803466592117, "ENV_Train_Weighted probability to choose the right action:": 0.7018183830977848, "ENV_Train_Weighted probability to choose the right action:_epoch0": 0.6756495684363952, "ENV_Test_TotalLoss": 227.2441801553622, "ENV_Test_TotalLoss_epoch0": 233.82213594603786, "ENV_Test_Right action": 0.7792, "ENV_Test_Right action_epoch0": 0.77632, "ENV_Test_Probability to choose the right action": 0.7164060279596584, "ENV_Test_Probability to choose the right action_epoch0": 0.7114940479180929, "ENV_Test_Weighted right action": 0.8299876748746406, "ENV_Test_Weighted right action_epoch0": 0.8252739934611396, "ENV_Test_Weighted probability to choose the right action:": 0.7612926387181677, "ENV_Test_Weighted probability to choose the right action:_epoch0": 0.7549014382933286, "ENV_Test_proba_accuracy": 0.7164060279596578, "ENV_Test_proba_accuracy_epoch0": 0.7114940479180928, "ENV_Test_proba_accuracy_strategy_132": 0.7626918708571658, "ENV_Test_proba_accuracy_strategy_132_epoch0": 0.7547728616734253, "ENV_Test_proba_accuracy_strategy_23": 0.7176908929088286, "ENV_Test_proba_accuracy_strategy_23_epoch0": 0.7121329028425529, "ENV_Test_proba_accuracy_strategy_107": 0.8150935704736965, "ENV_Test_proba_accuracy_strategy_107_epoch0": 0.8046071773427882, "ENV_Test_proba_accuracy_strategy_43": 0.7255067532323072, "ENV_Test_proba_accuracy_strategy_43_epoch0": 0.7195848578520121, "ENV_Test_proba_accuracy_strategy_17": 0.6792822569213407, "ENV_Test_proba_accuracy_strategy_17_epoch0": 0.6772987126502523, "ENV_Test_proba_accuracy_strategy_93": 0.7160252399122725, "ENV_Test_proba_accuracy_strategy_93_epoch0": 0.712388141651212, "ENV_Test_proba_accuracy_per_mean_strategy": 0.7360484307176018, "ENV_Test_proba_accuracy_per_mean_strategy_epoch0": 0.7301307756687071, "ENV_Test_proba_accuracy_per_mean_user": 0.7266497692042003, "ENV_Test_proba_accuracy_per_mean_user_epoch0": 0.7219332799882965, "ENV_Test_proba_accuracy_per_mean_user_and_bot": 0.7612926387181677, "ENV_Test_proba_accuracy_per_mean_user_and_bot_epoch0": 0.7549014382933298, "ENV_Test_accuracy": 0.7792, "ENV_Test_accuracy_epoch0": 0.77632, "ENV_Test_accuracy_strategy_132": 0.8203966005665723, "ENV_Test_accuracy_strategy_132_epoch0": 0.8124645892351274, "ENV_Test_accuracy_strategy_23": 0.7805784456293424, "ENV_Test_accuracy_strategy_23_epoch0": 0.7807400226207788, "ENV_Test_accuracy_strategy_107": 0.8866995073891626, "ENV_Test_accuracy_strategy_107_epoch0": 0.8735632183908046, "ENV_Test_accuracy_strategy_43": 0.787531806615776, "ENV_Test_accuracy_strategy_43_epoch0": 0.7824427480916031, "ENV_Test_accuracy_strategy_17": 0.7418330308529946, "ENV_Test_accuracy_strategy_17_epoch0": 0.7388838475499092, "ENV_Test_accuracy_strategy_93": 0.7837338262476895, "ENV_Test_accuracy_strategy_93_epoch0": 0.7809611829944547, "ENV_Test_accuracy_per_mean_strategy": 0.8001288695502562, "ENV_Test_accuracy_per_mean_strategy_epoch0": 0.7948426014804464, "ENV_Test_accuracy_per_mean_user": 0.7912966560907989, "ENV_Test_accuracy_per_mean_user_epoch0": 0.7879585536177296, "ENV_Test_accuracy_per_mean_user_and_bot": 0.8299876748746412, "ENV_Test_accuracy_per_mean_user_and_bot_epoch0": 0.82527399346114, "ENV_Online Simulation_TotalLoss_epoch1": 5623.265413337504, "ENV_Online Simulation_Right action_epoch1": 0.6642709273315993, "ENV_Online Simulation_Probability to choose the right action_epoch1": 0.5712140177526992, "ENV_Online Simulation_Weighted right action_epoch1": 0.6612563490462697, "ENV_Online Simulation_Weighted probability to choose the right action:_epoch1": 0.5712124644100761, "ENV_Train_TotalLoss_epoch1": 1071.3614912098164, "ENV_Train_Right action_epoch1": 0.7750489236790606, "ENV_Train_Probability to choose the right action_epoch1": 0.6909814774303085, "ENV_Train_Weighted right action_epoch1": 0.7750489236790606, "ENV_Train_Weighted probability to choose the right action:_epoch1": 0.6909814774303085, "ENV_Test_TotalLoss_epoch1": 232.19031361119602, "ENV_Test_Right action_epoch1": 0.77824, "ENV_Test_Probability to choose the right action_epoch1": 0.7075349385416767, "ENV_Test_Weighted right action_epoch1": 0.8274226805991332, "ENV_Test_Weighted probability to choose the right action:_epoch1": 0.7497781491539254, "ENV_Test_proba_accuracy_epoch1": 0.7075349385416776, "ENV_Test_proba_accuracy_strategy_132_epoch1": 0.7507468659549608, "ENV_Test_proba_accuracy_strategy_23_epoch1": 0.7082058605834582, "ENV_Test_proba_accuracy_strategy_107_epoch1": 0.8012891263730642, "ENV_Test_proba_accuracy_strategy_43_epoch1": 0.7150325739316631, "ENV_Test_proba_accuracy_strategy_17_epoch1": 0.6730873515950465, "ENV_Test_proba_accuracy_strategy_93_epoch1": 0.7098833596482865, "ENV_Test_proba_accuracy_per_mean_strategy_epoch1": 0.72637418968108, "ENV_Test_proba_accuracy_per_mean_user_epoch1": 0.7178867234915346, "ENV_Test_proba_accuracy_per_mean_user_and_bot_epoch1": 0.749778149153925, "ENV_Test_accuracy_epoch1": 0.77824, "ENV_Test_accuracy_strategy_132_epoch1": 0.8147308781869689, "ENV_Test_accuracy_strategy_23_epoch1": 0.7800937146550331, "ENV_Test_accuracy_strategy_107_epoch1": 0.8735632183908046, "ENV_Test_accuracy_strategy_43_epoch1": 0.7824427480916031, "ENV_Test_accuracy_strategy_17_epoch1": 0.742513611615245, "ENV_Test_accuracy_strategy_93_epoch1": 0.7939001848428835, "ENV_Test_accuracy_per_mean_strategy_epoch1": 0.7978740592970898, "ENV_Test_accuracy_per_mean_user_epoch1": 0.7892668554601142, "ENV_Test_accuracy_per_mean_user_and_bot_epoch1": 0.8274226805991339, "ENV_Online Simulation_TotalLoss_epoch2": 5641.945206059895, "ENV_Online Simulation_Right action_epoch2": 0.6688330949732507, "ENV_Online Simulation_Probability to choose the right action_epoch2": 0.5759401241931266, "ENV_Online Simulation_Weighted right action_epoch2": 0.6666739661454794, "ENV_Online Simulation_Weighted probability to choose the right action:_epoch2": 0.5759408058746214, "ENV_Train_TotalLoss_epoch2": 1056.9934749767178, "ENV_Train_Right action_epoch2": 0.7788649706457925, "ENV_Train_Probability to choose the right action_epoch2": 0.6960415038774277, "ENV_Train_Weighted right action_epoch2": 0.7788649706457925, "ENV_Train_Weighted probability to choose the right action:_epoch2": 0.6960415038774277, "ENV_Test_TotalLoss_epoch2": 231.1833599408563, "ENV_Test_Right action_epoch2": 0.779008, "ENV_Test_Probability to choose the right action_epoch2": 0.7152111806039615, "ENV_Test_Weighted right action_epoch2": 0.8296446204297948, "ENV_Test_Weighted probability to choose the right action:_epoch2": 0.7572357460943502, "ENV_Test_proba_accuracy_epoch2": 0.7152111806039615, "ENV_Test_proba_accuracy_strategy_132_epoch2": 0.7577598086760216, "ENV_Test_proba_accuracy_strategy_23_epoch2": 0.7178194604838165,