{"ENV_Online Simulation_TotalLoss": 5646.286056141969, "ENV_Online Simulation_TotalLoss_epoch0": 5646.286056141969, "ENV_Online Simulation_Right action": 0.6577906726842897, "ENV_Online Simulation_Right action_epoch0": 0.6577906726842897, "ENV_Online Simulation_Probability to choose the right action": 0.5665158004673125, "ENV_Online Simulation_Probability to choose the right action_epoch0": 0.5665158004673125, "ENV_Online Simulation_Weighted right action": 0.6557858209645728, "ENV_Online Simulation_Weighted right action_epoch0": 0.6557858209645728, "ENV_Online Simulation_Weighted probability to choose the right action:": 0.5665221744592726, "ENV_Online Simulation_Weighted probability to choose the right action:_epoch0": 0.5665221744592726, "_timestamp": 1713514775.0772917, "_runtime": 236.74017882347107, "_step": 0}