{"ENV_Train_TotalLoss": 1073.3895285918495, "ENV_Train_TotalLoss_epoch0": 1164.3881248218086, "ENV_Train_Right action": 0.7737908862175007, "ENV_Train_Right action_epoch0": 0.7478371465708815, "ENV_Train_Probability to choose the right action": 0.6918422619878213, "ENV_Train_Probability to choose the right action_epoch0": 0.6584478125427664, "ENV_Train_Weighted right action": 0.7737908862175007, "ENV_Train_Weighted right action_epoch0": 0.7478371465708815, "ENV_Train_Weighted probability to choose the right action:": 0.6918422619878213, "ENV_Train_Weighted probability to choose the right action:_epoch0": 0.6584478125427664, "_timestamp": 1715834664.3124785, "_runtime": 144.36430549621582, "_step": 3, "ENV_Test_TotalLoss": 233.54404955575683, "ENV_Test_TotalLoss_epoch0": 243.23873764387739, "ENV_Test_Right action": 0.781504, "ENV_Test_Right action_epoch0": 0.775296, "ENV_Test_Probability to choose the right action": 0.7147641379204526, "ENV_Test_Probability to choose the right action_epoch0": 0.7083986568396757, "ENV_Test_Weighted right action": 0.8245861520831853, "ENV_Test_Weighted right action_epoch0": 0.818457456571346, "ENV_Test_Weighted probability to choose the right action:": 0.7565501893792737, "ENV_Test_Weighted probability to choose the right action:_epoch0": 0.7500151022429697, "ENV_Test_proba_accuracy": 0.7147641379204523, "ENV_Test_proba_accuracy_epoch0": 0.7083986568396763, "ENV_Test_proba_accuracy_strategy_132": 0.7550286397053301, "ENV_Test_proba_accuracy_strategy_132_epoch0": 0.7470768018133453, "ENV_Test_proba_accuracy_strategy_23": 0.7147172432582247, "ENV_Test_proba_accuracy_strategy_23_epoch0": 0.707116127818226, "ENV_Test_proba_accuracy_strategy_107": 0.806352503143538, "ENV_Test_proba_accuracy_strategy_107_epoch0": 0.79942528835947, "ENV_Test_proba_accuracy_strategy_43": 0.7208907305368759, "ENV_Test_proba_accuracy_strategy_43_epoch0": 0.7183659070125742, "ENV_Test_proba_accuracy_strategy_17": 0.6835014811156916, "ENV_Test_proba_accuracy_strategy_17_epoch0": 0.6775990453433393, "ENV_Test_proba_accuracy_strategy_93": 0.7162621588037477, "ENV_Test_proba_accuracy_strategy_93_epoch0": 0.7124019820187287, "ENV_Test_proba_accuracy_per_mean_strategy": 0.7327921260939013, "ENV_Test_proba_accuracy_per_mean_strategy_epoch0": 0.7269975253942805, "ENV_Test_proba_accuracy_per_mean_user": 0.724504804085982, "ENV_Test_proba_accuracy_per_mean_user_epoch0": 0.719001091226359, "ENV_Test_proba_accuracy_per_mean_user_and_bot": 0.7565501893792739, "ENV_Test_proba_accuracy_per_mean_user_and_bot_epoch0": 0.7500151022429699, "ENV_Test_accuracy": 0.781504, "ENV_Test_accuracy_epoch0": 0.775296, "ENV_Test_accuracy_strategy_132": 0.8169971671388102, "ENV_Test_accuracy_strategy_132_epoch0": 0.803399433427762, "ENV_Test_accuracy_strategy_23": 0.7862336403296171, "ENV_Test_accuracy_strategy_23_epoch0": 0.782355792535143, "ENV_Test_accuracy_strategy_107": 0.8719211822660099, "ENV_Test_accuracy_strategy_107_epoch0": 0.8637110016420362, "ENV_Test_accuracy_strategy_43": 0.7881679389312977, "ENV_Test_accuracy_strategy_43_epoch0": 0.7862595419847328, "ENV_Test_accuracy_strategy_17": 0.7468239564428312, "ENV_Test_accuracy_strategy_17_epoch0": 0.7372958257713249, "ENV_Test_accuracy_strategy_93": 0.777264325323475, "ENV_Test_accuracy_strategy_93_epoch0": 0.7781885397412199, "ENV_Test_accuracy_per_mean_strategy": 0.7979013684053401, "ENV_Test_accuracy_per_mean_strategy_epoch0": 0.7918683558503697, "ENV_Test_accuracy_per_mean_user": 0.7914453542801019, "ENV_Test_accuracy_per_mean_user_epoch0": 0.7848358932179893, "ENV_Test_accuracy_per_mean_user_and_bot": 0.8245861520831862, "ENV_Test_accuracy_per_mean_user_and_bot_epoch0": 0.818457456571347, "ENV_Train_TotalLoss_epoch1": 1073.3895285918495, "ENV_Train_Right action_epoch1": 0.7737908862175007, "ENV_Train_Probability to choose the right action_epoch1": 0.6918422619878213, "ENV_Train_Weighted right action_epoch1": 0.7737908862175007, "ENV_Train_Weighted probability to choose the right action:_epoch1": 0.6918422619878213, "ENV_Test_TotalLoss_epoch1": 233.54404955575683, "ENV_Test_Right action_epoch1": 0.781504, "ENV_Test_Probability to choose the right action_epoch1": 0.7147641379204526, "ENV_Test_Weighted right action_epoch1": 0.8245861520831853, "ENV_Test_Weighted probability to choose the right action:_epoch1": 0.7565501893792737, "ENV_Test_proba_accuracy_epoch1": 0.7147641379204523, "ENV_Test_proba_accuracy_strategy_132_epoch1": 0.7550286397053301, "ENV_Test_proba_accuracy_strategy_23_epoch1": 0.7147172432582247, "ENV_Test_proba_accuracy_strategy_107_epoch1": 0.806352503143538, "ENV_Test_proba_accuracy_strategy_43_epoch1": 0.7208907305368759, "ENV_Test_proba_accuracy_strategy_17_epoch1": 0.6835014811156916, "ENV_Test_proba_accuracy_strategy_93_epoch1": 0.7162621588037477, "ENV_Test_proba_accuracy_per_mean_strategy_epoch1": 0.7327921260939013, "ENV_Test_proba_accuracy_per_mean_user_epoch1": 0.724504804085982, "ENV_Test_proba_accuracy_per_mean_user_and_bot_epoch1": 0.7565501893792739, "ENV_Test_accuracy_epoch1": 0.781504, "ENV_Test_accuracy_strategy_132_epoch1": 0.8169971671388102, "ENV_Test_accuracy_strategy_23_epoch1": 0.7862336403296171, "ENV_Test_accuracy_strategy_107_epoch1": 0.8719211822660099, "ENV_Test_accuracy_strategy_43_epoch1": 0.7881679389312977, "ENV_Test_accuracy_strategy_17_epoch1": 0.7468239564428312, "ENV_Test_accuracy_strategy_93_epoch1": 0.777264325323475, "ENV_Test_accuracy_per_mean_strategy_epoch1": 0.7979013684053401, "ENV_Test_accuracy_per_mean_user_epoch1": 0.7914453542801019, "ENV_Test_accuracy_per_mean_user_and_bot_epoch1": 0.8245861520831862, "_wandb": {"runtime": 194}}